volume_id,paper1_split,paper2_role,assignment_seed,assignment_algorithm,locked,test_designation
file_brain_AXT2_200_2000600,calibration,D_cal,20260720,width_coil_ilp_slice_balance_v1.0,True,
file_brain_AXT2_200_6002116,calibration,D_cal,20260720,width_coil_ilp_slice_balance_v1.0,True,
file_brain_AXT2_200_6002257,calibration,D_cal,20260720,width_coil_ilp_slice_balance_v1.0,True,
file_brain_AXT2_200_6002262,calibration,D_cal,20260720,width_coil_ilp_slice_balance_v1.0,True,
file_brain_AXT2_201_2010014,calibration,D_cal,20260720,width_coil_ilp_slice_balance_v1.0,True,
file_brain_AXT2_201_2010152,calibration,D_cal,20260720,width_coil_ilp_slice_balance_v1.0,True,
file_brain_AXT2_201_2010332,calibration,D_cal,20260720,width_coil_ilp_slice_balance_v1.0,True,
file_brain_AXT2_201_2010348,calibration,D_cal,20260720,width_coil_ilp_slice_balance_v1.0,True,
file_brain_AXT2_201_2010571,calibration,D_cal,20260720,width_coil_ilp_slice_balance_v1.0,True,
file_brain_AXT2_202_2020016,calibration,D_cal,20260720,width_coil_ilp_slice_balance_v1.0,True,
file_brain_AXT2_202_2020039,calibration,D_cal,20260720,width_coil_ilp_slice_balance_v1.0,True,
file_brain_AXT2_202_2020150,calibration,D_cal,20260720,width_coil_ilp_slice_balance_v1.0,True,
file_brain_AXT2_202_2020331,calibration,D_cal,20260720,width_coil_ilp_slice_balance_v1.0,True,
file_brain_AXT2_202_2020365,calibration,D_cal,20260720,width_coil_ilp_slice_balance_v1.0,True,
file_brain_AXT2_202_2020427,calibration,D_cal,20260720,width_coil_ilp_slice_balance_v1.0,True,
file_brain_AXT2_202_2020519,calibration,D_cal,20260720,width_coil_ilp_slice_balance_v1.0,True,
file_brain_AXT2_203_2030352,calibration,D_cal,20260720,width_coil_ilp_slice_balance_v1.0,True,
file_brain_AXT2_205_2050244,calibration,D_cal,20260720,width_coil_ilp_slice_balance_v1.0,True,
file_brain_AXT2_206_2060003,calibration,D_cal,20260720,width_coil_ilp_slice_balance_v1.0,True,
file_brain_AXT2_207_2070145,calibration,D_cal,20260720,width_coil_ilp_slice_balance_v1.0,True,
file_brain_AXT2_207_2070165,calibration,D_cal,20260720,width_coil_ilp_slice_balance_v1.0,True,
file_brain_AXT2_207_2070608,calibration,D_cal,20260720,width_coil_ilp_slice_balance_v1.0,True,
file_brain_AXT2_207_2070692,calibration,D_cal,20260720,width_coil_ilp_slice_balance_v1.0,True,
file_brain_AXT2_208_2080228,calibration,D_cal,20260720,width_coil_ilp_slice_balance_v1.0,True,
file_brain_AXT2_208_2080475,calibration,D_cal,20260720,width_coil_ilp_slice_balance_v1.0,True,
file_brain_AXT2_208_2080616,calibration,D_cal,20260720,width_coil_ilp_slice_balance_v1.0,True,
file_brain_AXT2_209_2090077,calibration,D_cal,20260720,width_coil_ilp_slice_balance_v1.0,True,
file_brain_AXT2_209_2090308,calibration,D_cal,20260720,width_coil_ilp_slice_balance_v1.0,True,
file_brain_AXT2_209_6001228,calibration,D_cal,20260720,width_coil_ilp_slice_balance_v1.0,True,
file_brain_AXT2_209_6001248,calibration,D_cal,20260720,width_coil_ilp_slice_balance_v1.0,True,
file_brain_AXT2_209_6001317,calibration,D_cal,20260720,width_coil_ilp_slice_balance_v1.0,True,
file_brain_AXT2_209_6001436,calibration,D_cal,20260720,width_coil_ilp_slice_balance_v1.0,True,
file_brain_AXT2_210_2100105,calibration,D_cal,20260720,width_coil_ilp_slice_balance_v1.0,True,
file_brain_AXT2_210_2100136,calibration,D_cal,20260720,width_coil_ilp_slice_balance_v1.0,True,
file_brain_AXT2_210_2100311,calibration,D_cal,20260720,width_coil_ilp_slice_balance_v1.0,True,
file_brain_AXT2_210_2100334,calibration,D_cal,20260720,width_coil_ilp_slice_balance_v1.0,True,
file_brain_AXT2_210_6001534,calibration,D_cal,20260720,width_coil_ilp_slice_balance_v1.0,True,
file_brain_AXT2_210_6001583,calibration,D_cal,20260720,width_coil_ilp_slice_balance_v1.0,True,
file_brain_AXT2_210_6001677,calibration,D_cal,20260720,width_coil_ilp_slice_balance_v1.0,True,
file_brain_AXT2_210_6001909,calibration,D_cal,20260720,width_coil_ilp_slice_balance_v1.0,True,
file_brain_AXT2_200_2000092,train,D_dev,20260720,width_coil_ilp_slice_balance_v1.0,True,
file_brain_AXT2_200_2000332,train,D_dev,20260720,width_coil_ilp_slice_balance_v1.0,True,
file_brain_AXT2_200_2000485,train,D_dev,20260720,width_coil_ilp_slice_balance_v1.0,True,
file_brain_AXT2_200_6002261,train,D_dev,20260720,width_coil_ilp_slice_balance_v1.0,True,
file_brain_AXT2_201_2010241,train,D_dev,20260720,width_coil_ilp_slice_balance_v1.0,True,
file_brain_AXT2_201_2010519,train,D_dev,20260720,width_coil_ilp_slice_balance_v1.0,True,
file_brain_AXT2_201_2010602,train,D_dev,20260720,width_coil_ilp_slice_balance_v1.0,True,
file_brain_AXT2_202_2020067,train,D_dev,20260720,width_coil_ilp_slice_balance_v1.0,True,
file_brain_AXT2_202_2020116,train,D_dev,20260720,width_coil_ilp_slice_balance_v1.0,True,
file_brain_AXT2_202_2020290,train,D_dev,20260720,width_coil_ilp_slice_balance_v1.0,True,
file_brain_AXT2_202_2020358,train,D_dev,20260720,width_coil_ilp_slice_balance_v1.0,True,
file_brain_AXT2_203_2030135,train,D_dev,20260720,width_coil_ilp_slice_balance_v1.0,True,
file_brain_AXT2_208_2080414,train,D_dev,20260720,width_coil_ilp_slice_balance_v1.0,True,
file_brain_AXT2_208_2080526,train,D_dev,20260720,width_coil_ilp_slice_balance_v1.0,True,
file_brain_AXT2_208_2080722,train,D_dev,20260720,width_coil_ilp_slice_balance_v1.0,True,
file_brain_AXT2_209_2090406,train,D_dev,20260720,width_coil_ilp_slice_balance_v1.0,True,
file_brain_AXT2_210_2100086,train,D_dev,20260720,width_coil_ilp_slice_balance_v1.0,True,
file_brain_AXT2_210_2100090,train,D_dev,20260720,width_coil_ilp_slice_balance_v1.0,True,
file_brain_AXT2_210_2100345,train,D_dev,20260720,width_coil_ilp_slice_balance_v1.0,True,
file_brain_AXT2_210_2100365,train,D_dev,20260720,width_coil_ilp_slice_balance_v1.0,True,
file_brain_AXT2_200_2000020,train,D_fit,20260720,width_coil_ilp_slice_balance_v1.0,True,
file_brain_AXT2_200_2000057,train,D_fit,20260720,width_coil_ilp_slice_balance_v1.0,True,
file_brain_AXT2_200_2000290,train,D_fit,20260720,width_coil_ilp_slice_balance_v1.0,True,
file_brain_AXT2_200_2000357,train,D_fit,20260720,width_coil_ilp_slice_balance_v1.0,True,
file_brain_AXT2_200_2000407,train,D_fit,20260720,width_coil_ilp_slice_balance_v1.0,True,
file_brain_AXT2_200_2000417,train,D_fit,20260720,width_coil_ilp_slice_balance_v1.0,True,
file_brain_AXT2_200_2000486,train,D_fit,20260720,width_coil_ilp_slice_balance_v1.0,True,
file_brain_AXT2_200_2000488,train,D_fit,20260720,width_coil_ilp_slice_balance_v1.0,True,
file_brain_AXT2_200_2000566,train,D_fit,20260720,width_coil_ilp_slice_balance_v1.0,True,
file_brain_AXT2_200_2000592,train,D_fit,20260720,width_coil_ilp_slice_balance_v1.0,True,
file_brain_AXT2_200_2000621,train,D_fit,20260720,width_coil_ilp_slice_balance_v1.0,True,
file_brain_AXT2_200_6001980,train,D_fit,20260720,width_coil_ilp_slice_balance_v1.0,True,
file_brain_AXT2_200_6002012,train,D_fit,20260720,width_coil_ilp_slice_balance_v1.0,True,
file_brain_AXT2_200_6002037,train,D_fit,20260720,width_coil_ilp_slice_balance_v1.0,True,
file_brain_AXT2_200_6002100,train,D_fit,20260720,width_coil_ilp_slice_balance_v1.0,True,
file_brain_AXT2_200_6002158,train,D_fit,20260720,width_coil_ilp_slice_balance_v1.0,True,
file_brain_AXT2_200_6002197,train,D_fit,20260720,width_coil_ilp_slice_balance_v1.0,True,
file_brain_AXT2_200_6002228,train,D_fit,20260720,width_coil_ilp_slice_balance_v1.0,True,
file_brain_AXT2_200_6002302,train,D_fit,20260720,width_coil_ilp_slice_balance_v1.0,True,
file_brain_AXT2_200_6002308,train,D_fit,20260720,width_coil_ilp_slice_balance_v1.0,True,
file_brain_AXT2_200_6002319,train,D_fit,20260720,width_coil_ilp_slice_balance_v1.0,True,
file_brain_AXT2_200_6002375,train,D_fit,20260720,width_coil_ilp_slice_balance_v1.0,True,
file_brain_AXT2_200_6002381,train,D_fit,20260720,width_coil_ilp_slice_balance_v1.0,True,
file_brain_AXT2_200_6002387,train,D_fit,20260720,width_coil_ilp_slice_balance_v1.0,True,
file_brain_AXT2_200_6002446,train,D_fit,20260720,width_coil_ilp_slice_balance_v1.0,True,
file_brain_AXT2_200_6002465,train,D_fit,20260720,width_coil_ilp_slice_balance_v1.0,True,
file_brain_AXT2_200_6002486,train,D_fit,20260720,width_coil_ilp_slice_balance_v1.0,True,
file_brain_AXT2_200_6002500,train,D_fit,20260720,width_coil_ilp_slice_balance_v1.0,True,
file_brain_AXT2_200_6002528,train,D_fit,20260720,width_coil_ilp_slice_balance_v1.0,True,
file_brain_AXT2_200_6002530,train,D_fit,20260720,width_coil_ilp_slice_balance_v1.0,True,
file_brain_AXT2_200_6002532,train,D_fit,20260720,width_coil_ilp_slice_balance_v1.0,True,
file_brain_AXT2_200_6002539,train,D_fit,20260720,width_coil_ilp_slice_balance_v1.0,True,
file_brain_AXT2_200_6002545,train,D_fit,20260720,width_coil_ilp_slice_balance_v1.0,True,
file_brain_AXT2_200_6002551,train,D_fit,20260720,width_coil_ilp_slice_balance_v1.0,True,
file_brain_AXT2_200_6002594,train,D_fit,20260720,width_coil_ilp_slice_balance_v1.0,True,
file_brain_AXT2_200_6002601,train,D_fit,20260720,width_coil_ilp_slice_balance_v1.0,True,
file_brain_AXT2_200_6002655,train,D_fit,20260720,width_coil_ilp_slice_balance_v1.0,True,
file_brain_AXT2_201_2010029,train,D_fit,20260720,width_coil_ilp_slice_balance_v1.0,True,
file_brain_AXT2_201_2010132,train,D_fit,20260720,width_coil_ilp_slice_balance_v1.0,True,
file_brain_AXT2_201_2010156,train,D_fit,20260720,width_coil_ilp_slice_balance_v1.0,True,
file_brain_AXT2_201_2010168,train,D_fit,20260720,width_coil_ilp_slice_balance_v1.0,True,
file_brain_AXT2_201_2010174,train,D_fit,20260720,width_coil_ilp_slice_balance_v1.0,True,
file_brain_AXT2_201_2010177,train,D_fit,20260720,width_coil_ilp_slice_balance_v1.0,True,
file_brain_AXT2_201_2010201,train,D_fit,20260720,width_coil_ilp_slice_balance_v1.0,True,
file_brain_AXT2_201_2010239,train,D_fit,20260720,width_coil_ilp_slice_balance_v1.0,True,
file_brain_AXT2_201_2010261,train,D_fit,20260720,width_coil_ilp_slice_balance_v1.0,True,
file_brain_AXT2_201_2010323,train,D_fit,20260720,width_coil_ilp_slice_balance_v1.0,True,
file_brain_AXT2_201_2010338,train,D_fit,20260720,width_coil_ilp_slice_balance_v1.0,True,
file_brain_AXT2_201_2010398,train,D_fit,20260720,width_coil_ilp_slice_balance_v1.0,True,
file_brain_AXT2_201_2010416,train,D_fit,20260720,width_coil_ilp_slice_balance_v1.0,True,
file_brain_AXT2_201_2010455,train,D_fit,20260720,width_coil_ilp_slice_balance_v1.0,True,
file_brain_AXT2_201_2010532,train,D_fit,20260720,width_coil_ilp_slice_balance_v1.0,True,
file_brain_AXT2_201_2010585,train,D_fit,20260720,width_coil_ilp_slice_balance_v1.0,True,
file_brain_AXT2_201_2010588,train,D_fit,20260720,width_coil_ilp_slice_balance_v1.0,True,
file_brain_AXT2_201_2010590,train,D_fit,20260720,width_coil_ilp_slice_balance_v1.0,True,
file_brain_AXT2_201_2010604,train,D_fit,20260720,width_coil_ilp_slice_balance_v1.0,True,
file_brain_AXT2_201_2010626,train,D_fit,20260720,width_coil_ilp_slice_balance_v1.0,True,
file_brain_AXT2_201_2010628,train,D_fit,20260720,width_coil_ilp_slice_balance_v1.0,True,
file_brain_AXT2_201_6002681,train,D_fit,20260720,width_coil_ilp_slice_balance_v1.0,True,
file_brain_AXT2_202_2020022,train,D_fit,20260720,width_coil_ilp_slice_balance_v1.0,True,
file_brain_AXT2_202_2020063,train,D_fit,20260720,width_coil_ilp_slice_balance_v1.0,True,
file_brain_AXT2_202_2020065,train,D_fit,20260720,width_coil_ilp_slice_balance_v1.0,True,
file_brain_AXT2_202_2020127,train,D_fit,20260720,width_coil_ilp_slice_balance_v1.0,True,
file_brain_AXT2_202_2020183,train,D_fit,20260720,width_coil_ilp_slice_balance_v1.0,True,
file_brain_AXT2_202_2020214,train,D_fit,20260720,width_coil_ilp_slice_balance_v1.0,True,
file_brain_AXT2_202_2020261,train,D_fit,20260720,width_coil_ilp_slice_balance_v1.0,True,
file_brain_AXT2_202_2020272,train,D_fit,20260720,width_coil_ilp_slice_balance_v1.0,True,
file_brain_AXT2_202_2020273,train,D_fit,20260720,width_coil_ilp_slice_balance_v1.0,True,
file_brain_AXT2_202_2020297,train,D_fit,20260720,width_coil_ilp_slice_balance_v1.0,True,
file_brain_AXT2_202_2020409,train,D_fit,20260720,width_coil_ilp_slice_balance_v1.0,True,
file_brain_AXT2_202_2020489,train,D_fit,20260720,width_coil_ilp_slice_balance_v1.0,True,
file_brain_AXT2_202_2020500,train,D_fit,20260720,width_coil_ilp_slice_balance_v1.0,True,
file_brain_AXT2_202_2020555,train,D_fit,20260720,width_coil_ilp_slice_balance_v1.0,True,
file_brain_AXT2_202_6000459,train,D_fit,20260720,width_coil_ilp_slice_balance_v1.0,True,
file_brain_AXT2_203_2030092,train,D_fit,20260720,width_coil_ilp_slice_balance_v1.0,True,
file_brain_AXT2_203_2030096,train,D_fit,20260720,width_coil_ilp_slice_balance_v1.0,True,
file_brain_AXT2_203_2030122,train,D_fit,20260720,width_coil_ilp_slice_balance_v1.0,True,
file_brain_AXT2_203_2030196,train,D_fit,20260720,width_coil_ilp_slice_balance_v1.0,True,
file_brain_AXT2_203_2030288,train,D_fit,20260720,width_coil_ilp_slice_balance_v1.0,True,
file_brain_AXT2_203_2030350,train,D_fit,20260720,width_coil_ilp_slice_balance_v1.0,True,
file_brain_AXT2_204_2040009,train,D_fit,20260720,width_coil_ilp_slice_balance_v1.0,True,
file_brain_AXT2_204_2040011,train,D_fit,20260720,width_coil_ilp_slice_balance_v1.0,True,
file_brain_AXT2_204_2040042,train,D_fit,20260720,width_coil_ilp_slice_balance_v1.0,True,
file_brain_AXT2_204_2040073,train,D_fit,20260720,width_coil_ilp_slice_balance_v1.0,True,
file_brain_AXT2_204_2040086,train,D_fit,20260720,width_coil_ilp_slice_balance_v1.0,True,
file_brain_AXT2_205_2050062,train,D_fit,20260720,width_coil_ilp_slice_balance_v1.0,True,
file_brain_AXT2_205_2050080,train,D_fit,20260720,width_coil_ilp_slice_balance_v1.0,True,
file_brain_AXT2_205_2050130,train,D_fit,20260720,width_coil_ilp_slice_balance_v1.0,True,
file_brain_AXT2_205_6000091,train,D_fit,20260720,width_coil_ilp_slice_balance_v1.0,True,
file_brain_AXT2_206_2060013,train,D_fit,20260720,width_coil_ilp_slice_balance_v1.0,True,
file_brain_AXT2_206_2060027,train,D_fit,20260720,width_coil_ilp_slice_balance_v1.0,True,
file_brain_AXT2_206_2060029,train,D_fit,20260720,width_coil_ilp_slice_balance_v1.0,True,
file_brain_AXT2_206_2060058,train,D_fit,20260720,width_coil_ilp_slice_balance_v1.0,True,
file_brain_AXT2_206_2060070,train,D_fit,20260720,width_coil_ilp_slice_balance_v1.0,True,
file_brain_AXT2_206_2060079,train,D_fit,20260720,width_coil_ilp_slice_balance_v1.0,True,
file_brain_AXT2_207_2070090,train,D_fit,20260720,width_coil_ilp_slice_balance_v1.0,True,
file_brain_AXT2_207_2070100,train,D_fit,20260720,width_coil_ilp_slice_balance_v1.0,True,
file_brain_AXT2_207_2070198,train,D_fit,20260720,width_coil_ilp_slice_balance_v1.0,True,
file_brain_AXT2_207_2070249,train,D_fit,20260720,width_coil_ilp_slice_balance_v1.0,True,
file_brain_AXT2_207_2070325,train,D_fit,20260720,width_coil_ilp_slice_balance_v1.0,True,
file_brain_AXT2_207_2070422,train,D_fit,20260720,width_coil_ilp_slice_balance_v1.0,True,
file_brain_AXT2_207_2070458,train,D_fit,20260720,width_coil_ilp_slice_balance_v1.0,True,
file_brain_AXT2_207_2070460,train,D_fit,20260720,width_coil_ilp_slice_balance_v1.0,True,
file_brain_AXT2_207_2070484,train,D_fit,20260720,width_coil_ilp_slice_balance_v1.0,True,
file_brain_AXT2_207_2070500,train,D_fit,20260720,width_coil_ilp_slice_balance_v1.0,True,
file_brain_AXT2_207_2070562,train,D_fit,20260720,width_coil_ilp_slice_balance_v1.0,True,
file_brain_AXT2_207_2070581,train,D_fit,20260720,width_coil_ilp_slice_balance_v1.0,True,
file_brain_AXT2_207_2070590,train,D_fit,20260720,width_coil_ilp_slice_balance_v1.0,True,
file_brain_AXT2_207_2070611,train,D_fit,20260720,width_coil_ilp_slice_balance_v1.0,True,
file_brain_AXT2_207_2070678,train,D_fit,20260720,width_coil_ilp_slice_balance_v1.0,True,
file_brain_AXT2_207_2070690,train,D_fit,20260720,width_coil_ilp_slice_balance_v1.0,True,
file_brain_AXT2_207_2070703,train,D_fit,20260720,width_coil_ilp_slice_balance_v1.0,True,
file_brain_AXT2_207_2070709,train,D_fit,20260720,width_coil_ilp_slice_balance_v1.0,True,
file_brain_AXT2_207_2070716,train,D_fit,20260720,width_coil_ilp_slice_balance_v1.0,True,
file_brain_AXT2_207_2070834,train,D_fit,20260720,width_coil_ilp_slice_balance_v1.0,True,
file_brain_AXT2_208_2080011,train,D_fit,20260720,width_coil_ilp_slice_balance_v1.0,True,
file_brain_AXT2_208_2080050,train,D_fit,20260720,width_coil_ilp_slice_balance_v1.0,True,
file_brain_AXT2_208_2080051,train,D_fit,20260720,width_coil_ilp_slice_balance_v1.0,True,
file_brain_AXT2_208_2080091,train,D_fit,20260720,width_coil_ilp_slice_balance_v1.0,True,
file_brain_AXT2_208_2080099,train,D_fit,20260720,width_coil_ilp_slice_balance_v1.0,True,
file_brain_AXT2_208_2080186,train,D_fit,20260720,width_coil_ilp_slice_balance_v1.0,True,
file_brain_AXT2_208_2080192,train,D_fit,20260720,width_coil_ilp_slice_balance_v1.0,True,
file_brain_AXT2_208_2080277,train,D_fit,20260720,width_coil_ilp_slice_balance_v1.0,True,
file_brain_AXT2_208_2080303,train,D_fit,20260720,width_coil_ilp_slice_balance_v1.0,True,
file_brain_AXT2_208_2080329,train,D_fit,20260720,width_coil_ilp_slice_balance_v1.0,True,
file_brain_AXT2_208_2080333,train,D_fit,20260720,width_coil_ilp_slice_balance_v1.0,True,
file_brain_AXT2_208_2080354,train,D_fit,20260720,width_coil_ilp_slice_balance_v1.0,True,
file_brain_AXT2_208_2080412,train,D_fit,20260720,width_coil_ilp_slice_balance_v1.0,True,
file_brain_AXT2_208_2080445,train,D_fit,20260720,width_coil_ilp_slice_balance_v1.0,True,
file_brain_AXT2_208_2080505,train,D_fit,20260720,width_coil_ilp_slice_balance_v1.0,True,
file_brain_AXT2_208_2080532,train,D_fit,20260720,width_coil_ilp_slice_balance_v1.0,True,
file_brain_AXT2_208_2080591,train,D_fit,20260720,width_coil_ilp_slice_balance_v1.0,True,
file_brain_AXT2_208_2080598,train,D_fit,20260720,width_coil_ilp_slice_balance_v1.0,True,
file_brain_AXT2_208_2080601,train,D_fit,20260720,width_coil_ilp_slice_balance_v1.0,True,
file_brain_AXT2_208_2080630,train,D_fit,20260720,width_coil_ilp_slice_balance_v1.0,True,
file_brain_AXT2_208_2080635,train,D_fit,20260720,width_coil_ilp_slice_balance_v1.0,True,
file_brain_AXT2_208_2080713,train,D_fit,20260720,width_coil_ilp_slice_balance_v1.0,True,
file_brain_AXT2_209_2090030,train,D_fit,20260720,width_coil_ilp_slice_balance_v1.0,True,
file_brain_AXT2_209_2090151,train,D_fit,20260720,width_coil_ilp_slice_balance_v1.0,True,
file_brain_AXT2_209_2090215,train,D_fit,20260720,width_coil_ilp_slice_balance_v1.0,True,
file_brain_AXT2_209_2090266,train,D_fit,20260720,width_coil_ilp_slice_balance_v1.0,True,
file_brain_AXT2_209_2090333,train,D_fit,20260720,width_coil_ilp_slice_balance_v1.0,True,
file_brain_AXT2_209_2090339,train,D_fit,20260720,width_coil_ilp_slice_balance_v1.0,True,
file_brain_AXT2_209_2090358,train,D_fit,20260720,width_coil_ilp_slice_balance_v1.0,True,
file_brain_AXT2_209_6000981,train,D_fit,20260720,width_coil_ilp_slice_balance_v1.0,True,
file_brain_AXT2_209_6000982,train,D_fit,20260720,width_coil_ilp_slice_balance_v1.0,True,
file_brain_AXT2_209_6001025,train,D_fit,20260720,width_coil_ilp_slice_balance_v1.0,True,
file_brain_AXT2_209_6001050,train,D_fit,20260720,width_coil_ilp_slice_balance_v1.0,True,
file_brain_AXT2_209_6001261,train,D_fit,20260720,width_coil_ilp_slice_balance_v1.0,True,
file_brain_AXT2_209_6001328,train,D_fit,20260720,width_coil_ilp_slice_balance_v1.0,True,
file_brain_AXT2_209_6001420,train,D_fit,20260720,width_coil_ilp_slice_balance_v1.0,True,
file_brain_AXT2_209_6001425,train,D_fit,20260720,width_coil_ilp_slice_balance_v1.0,True,
file_brain_AXT2_209_6001432,train,D_fit,20260720,width_coil_ilp_slice_balance_v1.0,True,
file_brain_AXT2_209_6001463,train,D_fit,20260720,width_coil_ilp_slice_balance_v1.0,True,
file_brain_AXT2_210_2100064,train,D_fit,20260720,width_coil_ilp_slice_balance_v1.0,True,
file_brain_AXT2_210_2100075,train,D_fit,20260720,width_coil_ilp_slice_balance_v1.0,True,
file_brain_AXT2_210_2100079,train,D_fit,20260720,width_coil_ilp_slice_balance_v1.0,True,
file_brain_AXT2_210_2100083,train,D_fit,20260720,width_coil_ilp_slice_balance_v1.0,True,
file_brain_AXT2_210_2100201,train,D_fit,20260720,width_coil_ilp_slice_balance_v1.0,True,
file_brain_AXT2_210_2100225,train,D_fit,20260720,width_coil_ilp_slice_balance_v1.0,True,
file_brain_AXT2_210_2100260,train,D_fit,20260720,width_coil_ilp_slice_balance_v1.0,True,
file_brain_AXT2_210_2100343,train,D_fit,20260720,width_coil_ilp_slice_balance_v1.0,True,
file_brain_AXT2_210_6001491,train,D_fit,20260720,width_coil_ilp_slice_balance_v1.0,True,
file_brain_AXT2_210_6001506,train,D_fit,20260720,width_coil_ilp_slice_balance_v1.0,True,
file_brain_AXT2_210_6001515,train,D_fit,20260720,width_coil_ilp_slice_balance_v1.0,True,
file_brain_AXT2_210_6001518,train,D_fit,20260720,width_coil_ilp_slice_balance_v1.0,True,
file_brain_AXT2_210_6001532,train,D_fit,20260720,width_coil_ilp_slice_balance_v1.0,True,
file_brain_AXT2_210_6001546,train,D_fit,20260720,width_coil_ilp_slice_balance_v1.0,True,
file_brain_AXT2_210_6001617,train,D_fit,20260720,width_coil_ilp_slice_balance_v1.0,True,
file_brain_AXT2_210_6001622,train,D_fit,20260720,width_coil_ilp_slice_balance_v1.0,True,
file_brain_AXT2_210_6001678,train,D_fit,20260720,width_coil_ilp_slice_balance_v1.0,True,
file_brain_AXT2_210_6001694,train,D_fit,20260720,width_coil_ilp_slice_balance_v1.0,True,
file_brain_AXT2_210_6001709,train,D_fit,20260720,width_coil_ilp_slice_balance_v1.0,True,
file_brain_AXT2_210_6001711,train,D_fit,20260720,width_coil_ilp_slice_balance_v1.0,True,
file_brain_AXT2_210_6001737,train,D_fit,20260720,width_coil_ilp_slice_balance_v1.0,True,
file_brain_AXT2_210_6001747,train,D_fit,20260720,width_coil_ilp_slice_balance_v1.0,True,
file_brain_AXT2_210_6001763,train,D_fit,20260720,width_coil_ilp_slice_balance_v1.0,True,
file_brain_AXT2_210_6001833,train,D_fit,20260720,width_coil_ilp_slice_balance_v1.0,True,
file_brain_AXT2_210_6001863,train,D_fit,20260720,width_coil_ilp_slice_balance_v1.0,True,
file_brain_AXT2_210_6001928,train,D_fit,20260720,width_coil_ilp_slice_balance_v1.0,True,
file_brain_AXT2_210_6001944,train,D_fit,20260720,width_coil_ilp_slice_balance_v1.0,True,
file_brain_AXT2_200_2000080,test,D_test,20260720,width_coil_ilp_slice_balance_v1.0,True,locked_reused_evaluation_cohort
file_brain_AXT2_200_2000175,test,D_test,20260720,width_coil_ilp_slice_balance_v1.0,True,locked_reused_evaluation_cohort
file_brain_AXT2_200_2000360,test,D_test,20260720,width_coil_ilp_slice_balance_v1.0,True,locked_reused_evaluation_cohort
file_brain_AXT2_200_2000362,test,D_test,20260720,width_coil_ilp_slice_balance_v1.0,True,locked_reused_evaluation_cohort
file_brain_AXT2_200_6001972,test,D_test,20260720,width_coil_ilp_slice_balance_v1.0,True,locked_reused_evaluation_cohort
file_brain_AXT2_200_6002111,test,D_test,20260720,width_coil_ilp_slice_balance_v1.0,True,locked_reused_evaluation_cohort
file_brain_AXT2_200_6002151,test,D_test,20260720,width_coil_ilp_slice_balance_v1.0,True,locked_reused_evaluation_cohort
file_brain_AXT2_200_6002242,test,D_test,20260720,width_coil_ilp_slice_balance_v1.0,True,locked_reused_evaluation_cohort
file_brain_AXT2_200_6002524,test,D_test,20260720,width_coil_ilp_slice_balance_v1.0,True,locked_reused_evaluation_cohort
file_brain_AXT2_201_2010625,test,D_test,20260720,width_coil_ilp_slice_balance_v1.0,True,locked_reused_evaluation_cohort
file_brain_AXT2_202_2020189,test,D_test,20260720,width_coil_ilp_slice_balance_v1.0,True,locked_reused_evaluation_cohort
file_brain_AXT2_203_2030254,test,D_test,20260720,width_coil_ilp_slice_balance_v1.0,True,locked_reused_evaluation_cohort
file_brain_AXT2_203_2030256,test,D_test,20260720,width_coil_ilp_slice_balance_v1.0,True,locked_reused_evaluation_cohort
file_brain_AXT2_203_2030354,test,D_test,20260720,width_coil_ilp_slice_balance_v1.0,True,locked_reused_evaluation_cohort
file_brain_AXT2_205_6000022,test,D_test,20260720,width_coil_ilp_slice_balance_v1.0,True,locked_reused_evaluation_cohort
file_brain_AXT2_207_2070039,test,D_test,20260720,width_coil_ilp_slice_balance_v1.0,True,locked_reused_evaluation_cohort
file_brain_AXT2_207_2070054,test,D_test,20260720,width_coil_ilp_slice_balance_v1.0,True,locked_reused_evaluation_cohort
file_brain_AXT2_207_2070194,test,D_test,20260720,width_coil_ilp_slice_balance_v1.0,True,locked_reused_evaluation_cohort
file_brain_AXT2_207_2070208,test,D_test,20260720,width_coil_ilp_slice_balance_v1.0,True,locked_reused_evaluation_cohort
file_brain_AXT2_207_2070280,test,D_test,20260720,width_coil_ilp_slice_balance_v1.0,True,locked_reused_evaluation_cohort
file_brain_AXT2_207_2070352,test,D_test,20260720,width_coil_ilp_slice_balance_v1.0,True,locked_reused_evaluation_cohort
file_brain_AXT2_207_2070417,test,D_test,20260720,width_coil_ilp_slice_balance_v1.0,True,locked_reused_evaluation_cohort
file_brain_AXT2_207_2070770,test,D_test,20260720,width_coil_ilp_slice_balance_v1.0,True,locked_reused_evaluation_cohort
file_brain_AXT2_207_2070777,test,D_test,20260720,width_coil_ilp_slice_balance_v1.0,True,locked_reused_evaluation_cohort
file_brain_AXT2_207_2070822,test,D_test,20260720,width_coil_ilp_slice_balance_v1.0,True,locked_reused_evaluation_cohort
file_brain_AXT2_208_2080013,test,D_test,20260720,width_coil_ilp_slice_balance_v1.0,True,locked_reused_evaluation_cohort
file_brain_AXT2_208_2080126,test,D_test,20260720,width_coil_ilp_slice_balance_v1.0,True,locked_reused_evaluation_cohort
file_brain_AXT2_208_2080585,test,D_test,20260720,width_coil_ilp_slice_balance_v1.0,True,locked_reused_evaluation_cohort
file_brain_AXT2_208_2080611,test,D_test,20260720,width_coil_ilp_slice_balance_v1.0,True,locked_reused_evaluation_cohort
file_brain_AXT2_209_6001384,test,D_test,20260720,width_coil_ilp_slice_balance_v1.0,True,locked_reused_evaluation_cohort
file_brain_AXT2_209_6001459,test,D_test,20260720,width_coil_ilp_slice_balance_v1.0,True,locked_reused_evaluation_cohort
file_brain_AXT2_210_2100135,test,D_test,20260720,width_coil_ilp_slice_balance_v1.0,True,locked_reused_evaluation_cohort
file_brain_AXT2_210_2100276,test,D_test,20260720,width_coil_ilp_slice_balance_v1.0,True,locked_reused_evaluation_cohort
file_brain_AXT2_210_2100288,test,D_test,20260720,width_coil_ilp_slice_balance_v1.0,True,locked_reused_evaluation_cohort
file_brain_AXT2_210_2100306,test,D_test,20260720,width_coil_ilp_slice_balance_v1.0,True,locked_reused_evaluation_cohort
file_brain_AXT2_210_2100368,test,D_test,20260720,width_coil_ilp_slice_balance_v1.0,True,locked_reused_evaluation_cohort
file_brain_AXT2_210_6001524,test,D_test,20260720,width_coil_ilp_slice_balance_v1.0,True,locked_reused_evaluation_cohort
file_brain_AXT2_210_6001651,test,D_test,20260720,width_coil_ilp_slice_balance_v1.0,True,locked_reused_evaluation_cohort
file_brain_AXT2_210_6001906,test,D_test,20260720,width_coil_ilp_slice_balance_v1.0,True,locked_reused_evaluation_cohort
file_brain_AXT2_210_6001941,test,D_test,20260720,width_coil_ilp_slice_balance_v1.0,True,locked_reused_evaluation_cohort
