volume_id,sample_count,supported_pixels,support_weight_sum,method,tau_hold,high_risk_prevalence,auprc,auroc
file_brain_AXT2_200_2000080,16,4866048,1183261.7603759766,C0,1.7366089820861816,0.3916760168321227,0.8093981120827635,0.8921793317307324
file_brain_AXT2_200_2000080,16,4866048,1183261.7603759766,U1,1.7366089820861816,0.3916760168321227,0.742505919194652,0.8467622268674153
file_brain_AXT2_200_2000080,16,4866048,1183261.7603759766,U2a,1.7366089820861816,0.3916760168321227,0.5083840798138332,0.6929706227129625
file_brain_AXT2_200_2000080,16,4866048,1183261.7603759766,U2b,1.7366089820861816,0.3916760168321227,0.5574104816788458,0.7589864085251288
file_brain_AXT2_200_2000080,16,4866048,1183261.7603759766,B1,1.7366089820861816,0.3916760168321227,0.6531725191291907,0.7940344654806917
file_brain_AXT2_200_2000080,16,4866048,1183261.7603759766,B2,1.7366089820861816,0.3916760168321227,0.6544972199725745,0.8004008315801745
file_brain_AXT2_200_2000080,16,4866048,1183261.7603759766,B3,1.7366089820861816,0.3916760168321227,0.5052109325355715,0.5591345045695789
file_brain_AXT2_200_2000080,16,4866048,1183261.7603759766,B4,1.7366089820861816,0.3916760168321227,0.6412617367478011,0.7840727063413101
file_brain_AXT2_200_2000080,16,4866048,1183261.7603759766,B5,1.7366089820861816,0.3916760168321227,0.3931121902245027,0.5017592803306434
file_brain_AXT2_200_2000080,16,4866048,1183261.7603759766,B6,1.7366089820861816,0.3916760168321227,0.6190957497630313,0.7912035481298196
file_brain_AXT2_200_2000175,16,4866048,1225077.2194213867,C0,1.7366089820861816,0.38911498515814497,0.8283371774470735,0.8885912826870774
file_brain_AXT2_200_2000175,16,4866048,1225077.2194213867,U1,1.7366089820861816,0.3891149851581449,0.7327268429580078,0.8193499854691465
file_brain_AXT2_200_2000175,16,4866048,1225077.2194213867,U2a,1.7366089820861816,0.3891149851581449,0.5245245282173132,0.6964885138873059
file_brain_AXT2_200_2000175,16,4866048,1225077.2194213867,U2b,1.7366089820861816,0.3891149851581449,0.5576820506262794,0.7552911902751402
file_brain_AXT2_200_2000175,16,4866048,1225077.2194213867,B1,1.7366089820861816,0.38911498515814497,0.6914016694687787,0.8142977877367885
file_brain_AXT2_200_2000175,16,4866048,1225077.2194213867,B2,1.7366089820861816,0.38911498515814497,0.7014174312131284,0.822305297619445
file_brain_AXT2_200_2000175,16,4866048,1225077.2194213867,B3,1.7366089820861816,0.38911498515814497,0.5162232175974526,0.5929782608541171
file_brain_AXT2_200_2000175,16,4866048,1225077.2194213867,B4,1.7366089820861816,0.38911498515814497,0.6598358482703364,0.7968610999217195
file_brain_AXT2_200_2000175,16,4866048,1225077.2194213867,B5,1.7366089820861816,0.38911498515814497,0.39006181833647846,0.5012204984881113
file_brain_AXT2_200_2000175,16,4866048,1225077.2194213867,B6,1.7366089820861816,0.38911498515814497,0.62460732983952,0.7941001628136867
file_brain_AXT2_200_2000360,16,4866048,1316783.5888671875,C0,1.7366089820861816,0.3772059614262127,0.8943675198264084,0.9361992375104584
file_brain_AXT2_200_2000360,16,4866048,1316783.5888671875,U1,1.7366089820861816,0.3772059614262127,0.7688498553643545,0.8575576225954565
file_brain_AXT2_200_2000360,16,4866048,1316783.5888671875,U2a,1.7366089820861816,0.3772059614262127,0.4232746486830256,0.5980286476227347
file_brain_AXT2_200_2000360,16,4866048,1316783.5888671875,U2b,1.7366089820861816,0.3772059614262127,0.390023366678553,0.579933357633883
file_brain_AXT2_200_2000360,16,4866048,1316783.5888671875,B1,1.7366089820861816,0.3772059614262127,0.5441582344306889,0.6941000580743173
file_brain_AXT2_200_2000360,16,4866048,1316783.5888671875,B2,1.7366089820861816,0.3772059614262127,0.5450466338296825,0.6930563283501974
file_brain_AXT2_200_2000360,16,4866048,1316783.5888671875,B3,1.7366089820861816,0.3772059614262127,0.4421448282336698,0.5422592100805408
file_brain_AXT2_200_2000360,16,4866048,1316783.5888671875,B4,1.7366089820861816,0.3772059614262127,0.6653844083472816,0.812647280855494
file_brain_AXT2_200_2000360,16,4866048,1316783.5888671875,B5,1.7366089820861816,0.3772059614262127,0.3776607647811291,0.5006486945326227
file_brain_AXT2_200_2000360,16,4866048,1316783.5888671875,B6,1.7366089820861816,0.3772059614262127,0.4919405374169037,0.6991622986593325
file_brain_AXT2_200_2000362,16,4866048,1371689.7202148438,C0,1.7366089820861816,0.34144381144240576,0.8924702781828706,0.9442586508216625
file_brain_AXT2_200_2000362,16,4866048,1371689.7202148438,U1,1.7366089820861816,0.3414438114424057,0.8663726812989105,0.9095665230478964
file_brain_AXT2_200_2000362,16,4866048,1371689.7202148438,U2a,1.7366089820861816,0.3414438114424057,0.3534038012932992,0.5562238401024471
file_brain_AXT2_200_2000362,16,4866048,1371689.7202148438,U2b,1.7366089820861816,0.3414438114424057,0.3407800051069868,0.5561417785766751
file_brain_AXT2_200_2000362,16,4866048,1371689.7202148438,B1,1.7366089820861816,0.34144381144240576,0.5956612668179048,0.7997602794060727
file_brain_AXT2_200_2000362,16,4866048,1371689.7202148438,B2,1.7366089820861816,0.34144381144240576,0.6044855709873568,0.8117425113283265
file_brain_AXT2_200_2000362,16,4866048,1371689.7202148438,B3,1.7366089820861816,0.34144381144240576,0.3817826100932653,0.5277877694216103
file_brain_AXT2_200_2000362,16,4866048,1371689.7202148438,B4,1.7366089820861816,0.34144381144240576,0.7090323564248621,0.8284188701156459
file_brain_AXT2_200_2000362,16,4866048,1371689.7202148438,B5,1.7366089820861816,0.34144381144240576,0.3413450930755239,0.49972718323464177
file_brain_AXT2_200_2000362,16,4866048,1371689.7202148438,B6,1.7366089820861816,0.34144381144240576,0.4915601261179178,0.7422160067877086
file_brain_AXT2_200_6001972,16,4866048,1424020.3322753906,C0,1.7366089820861816,0.2653765214517858,0.5610939930805067,0.8178626879076375
file_brain_AXT2_200_6001972,16,4866048,1424020.3322753906,U1,1.7366089820861816,0.2653765214517858,0.5094630129581308,0.7282724203148642
file_brain_AXT2_200_6001972,16,4866048,1424020.3322753906,U2a,1.7366089820861816,0.2653765214517858,0.2946795536815859,0.5981512225385407
file_brain_AXT2_200_6001972,16,4866048,1424020.3322753906,U2b,1.7366089820861816,0.2653765214517858,0.3518275862481871,0.6875893924907528
file_brain_AXT2_200_6001972,16,4866048,1424020.3322753906,B1,1.7366089820861816,0.2653765214517858,0.3717724957115408,0.6959335556137413
file_brain_AXT2_200_6001972,16,4866048,1424020.3322753906,B2,1.7366089820861816,0.2653765214517858,0.3680769730298151,0.6949908016570392
file_brain_AXT2_200_6001972,16,4866048,1424020.3322753906,B3,1.7366089820861816,0.2653765214517858,0.28172834753060844,0.4915044640699322
file_brain_AXT2_200_6001972,16,4866048,1424020.3322753906,B4,1.7366089820861816,0.2653765214517858,0.3268531098569235,0.6456647764411699
file_brain_AXT2_200_6001972,16,4866048,1424020.3322753906,B5,1.7366089820861816,0.2653765214517858,0.26897915003707606,0.5034673766435499
file_brain_AXT2_200_6001972,16,4866048,1424020.3322753906,B6,1.7366089820861816,0.2653765214517858,0.41203476344090384,0.7281979471141637
file_brain_AXT2_200_6002111,16,4866048,1237814.7913208008,C0,1.7366089820861816,0.22218248780331007,0.7746543296990535,0.9137253264567908
file_brain_AXT2_200_6002111,16,4866048,1237814.7913208008,U1,1.7366089820861816,0.22218248780331,0.586108217182255,0.8288620159189677
file_brain_AXT2_200_6002111,16,4866048,1237814.7913208008,U2a,1.7366089820861816,0.22218248780331,0.2955249570019529,0.6426643709646583
file_brain_AXT2_200_6002111,16,4866048,1237814.7913208008,U2b,1.7366089820861816,0.22218248780331,0.2508614424752088,0.6190700390070452
file_brain_AXT2_200_6002111,16,4866048,1237814.7913208008,B1,1.7366089820861816,0.22218248780331007,0.448471894843988,0.7781740175124628
file_brain_AXT2_200_6002111,16,4866048,1237814.7913208008,B2,1.7366089820861816,0.22218248780331007,0.4523899414161425,0.7845231399260175
file_brain_AXT2_200_6002111,16,4866048,1237814.7913208008,B3,1.7366089820861816,0.22218248780331007,0.3080848638194568,0.587012823649624
file_brain_AXT2_200_6002111,16,4866048,1237814.7913208008,B4,1.7366089820861816,0.22218248780331007,0.40605502336837285,0.7586084394205364
file_brain_AXT2_200_6002111,16,4866048,1237814.7913208008,B5,1.7366089820861816,0.22218248780331007,0.22266970326995736,0.50096879648943
file_brain_AXT2_200_6002111,16,4866048,1237814.7913208008,B6,1.7366089820861816,0.22218248780331007,0.3650765659307099,0.728976514681176
file_brain_AXT2_200_6002151,14,4257792,1070429.883972168,C0,1.7366089820861816,0.3070655470863138,0.8277724438730172,0.9153250644792559
file_brain_AXT2_200_6002151,14,4257792,1070429.883972168,U1,1.7366089820861816,0.3070655470863138,0.7495290581932483,0.8591632044190209
file_brain_AXT2_200_6002151,14,4257792,1070429.883972168,U2a,1.7366089820861816,0.3070655470863138,0.4109772330286712,0.6719220995638419
file_brain_AXT2_200_6002151,14,4257792,1070429.883972168,U2b,1.7366089820861816,0.3070655470863138,0.4385727129862526,0.7538586170012262
file_brain_AXT2_200_6002151,14,4257792,1070429.883972168,B1,1.7366089820861816,0.3070655470863138,0.5915310949604154,0.8132952295106459
file_brain_AXT2_200_6002151,14,4257792,1070429.883972168,B2,1.7366089820861816,0.3070655470863138,0.595033981499498,0.8195606557867317
file_brain_AXT2_200_6002151,14,4257792,1070429.883972168,B3,1.7366089820861816,0.3070655470863138,0.3796190741150017,0.5294691269023993
file_brain_AXT2_200_6002151,14,4257792,1070429.883972168,B4,1.7366089820861816,0.3070655470863138,0.5551633228003275,0.7825615804630226
file_brain_AXT2_200_6002151,14,4257792,1070429.883972168,B5,1.7366089820861816,0.3070655470863138,0.3084117127275842,0.5019198451534518
file_brain_AXT2_200_6002151,14,4257792,1070429.883972168,B6,1.7366089820861816,0.3070655470863138,0.5441511938120508,0.8063263447748805
file_brain_AXT2_200_6002242,16,4866048,1352257.782836914,C0,1.7366089820861816,0.33562835336496777,0.7852308528705054,0.8908183588975899
file_brain_AXT2_200_6002242,16,4866048,1352257.782836914,U1,1.7366089820861816,0.3356283533649677,0.7003347685607471,0.8194937534981555
file_brain_AXT2_200_6002242,16,4866048,1352257.782836914,U2a,1.7366089820861816,0.3356283533649677,0.4155074766640287,0.6458814528584449
file_brain_AXT2_200_6002242,16,4866048,1352257.782836914,U2b,1.7366089820861816,0.3356283533649677,0.4264784303430138,0.6934468308067288
file_brain_AXT2_200_6002242,16,4866048,1352257.782836914,B1,1.7366089820861816,0.33562835336496777,0.5399747518176675,0.7722147850983634
file_brain_AXT2_200_6002242,16,4866048,1352257.782836914,B2,1.7366089820861816,0.33562835336496777,0.5425653371627249,0.7783138920253772
file_brain_AXT2_200_6002242,16,4866048,1352257.782836914,B3,1.7366089820861816,0.33562835336496777,0.3712790994917376,0.4849232339593397
file_brain_AXT2_200_6002242,16,4866048,1352257.782836914,B4,1.7366089820861816,0.33562835336496777,0.5255111782401735,0.7481874953601853
file_brain_AXT2_200_6002242,16,4866048,1352257.782836914,B5,1.7366089820861816,0.33562835336496777,0.33702831149305973,0.5017696580167293
file_brain_AXT2_200_6002242,16,4866048,1352257.782836914,B6,1.7366089820861816,0.33562835336496777,0.5285271570593434,0.7670785512523214
file_brain_AXT2_200_6002524,16,4866048,1313568.400817871,C0,1.7366089820861816,0.2681954256494019,0.6776499829431789,0.8587681963431706
file_brain_AXT2_200_6002524,16,4866048,1313568.400817871,U1,1.7366089820861816,0.2681954256494019,0.5198250423013748,0.7677791162791117
file_brain_AXT2_200_6002524,16,4866048,1313568.400817871,U2a,1.7366089820861816,0.2681954256494019,0.3216227178439666,0.6264741996136224
file_brain_AXT2_200_6002524,16,4866048,1313568.400817871,U2b,1.7366089820861816,0.2681954256494019,0.334810160818926,0.6719552043402576
file_brain_AXT2_200_6002524,16,4866048,1313568.400817871,B1,1.7366089820861816,0.2681954256494019,0.4126625989231507,0.7232180482796722
file_brain_AXT2_200_6002524,16,4866048,1313568.400817871,B2,1.7366089820861816,0.2681954256494019,0.4045075822838444,0.7251413637336269
file_brain_AXT2_200_6002524,16,4866048,1313568.400817871,B3,1.7366089820861816,0.2681954256494019,0.3387894297631941,0.5590425423631578
file_brain_AXT2_200_6002524,16,4866048,1313568.400817871,B4,1.7366089820861816,0.2681954256494019,0.3934320114869034,0.7021422469533567
file_brain_AXT2_200_6002524,16,4866048,1313568.400817871,B5,1.7366089820861816,0.2681954256494019,0.26980910571909006,0.5020532417153507
file_brain_AXT2_200_6002524,16,4866048,1313568.400817871,B6,1.7366089820861816,0.2681954256494019,0.40150850888216877,0.7255030171434358
file_brain_AXT2_201_2010625,16,4866048,1526531.1844482422,C0,1.7366089820861816,0.4228582819532911,0.9139154222507209,0.939748218244348
file_brain_AXT2_201_2010625,16,4866048,1526531.1844482422,U1,1.7366089820861816,0.4228582819532911,0.7945092000259387,0.8817383180042765
file_brain_AXT2_201_2010625,16,4866048,1526531.1844482422,U2a,1.7366089820861816,0.4228582819532911,0.4155210410055621,0.5375576447275289
file_brain_AXT2_201_2010625,16,4866048,1526531.1844482422,U2b,1.7366089820861816,0.4228582819532911,0.4715520058801364,0.6143710351060083
file_brain_AXT2_201_2010625,16,4866048,1526531.1844482422,B1,1.7366089820861816,0.4228582819532911,0.6591398410651048,0.7971595613787075
file_brain_AXT2_201_2010625,16,4866048,1526531.1844482422,B2,1.7366089820861816,0.4228582819532911,0.6539771974851109,0.7959265029646527
file_brain_AXT2_201_2010625,16,4866048,1526531.1844482422,B3,1.7366089820861816,0.4228582819532911,0.4722217981007553,0.4898870657394484
file_brain_AXT2_201_2010625,16,4866048,1526531.1844482422,B4,1.7366089820861816,0.4228582819532911,0.728464536030622,0.8044922359987159
file_brain_AXT2_201_2010625,16,4866048,1526531.1844482422,B5,1.7366089820861816,0.4228582819532911,0.4232945333688662,0.5007169277167675
file_brain_AXT2_201_2010625,16,4866048,1526531.1844482422,B6,1.7366089820861816,0.4228582819532911,0.6404705275922203,0.7989548297903715
file_brain_AXT2_202_2020189,16,3276800,832246.7815551758,C0,1.7366089820861816,0.3265263699788741,0.7796684657957467,0.8855754430870384
file_brain_AXT2_202_2020189,16,3276800,832246.7815551758,U1,1.7366089820861816,0.3265263699788741,0.7117259151633034,0.8494551901922517
file_brain_AXT2_202_2020189,16,3276800,832246.7815551758,U2a,1.7366089820861816,0.3265263699788741,0.4098614606953186,0.658872063324801
file_brain_AXT2_202_2020189,16,3276800,832246.7815551758,U2b,1.7366089820861816,0.3265263699788741,0.3930113002252213,0.672815087882356
file_brain_AXT2_202_2020189,16,3276800,832246.7815551758,B1,1.7366089820861816,0.3265263699788741,0.5431550682412996,0.7853976174610288
file_brain_AXT2_202_2020189,16,3276800,832246.7815551758,B2,1.7366089820861816,0.3265263699788741,0.5517300591628734,0.7947047999434199
file_brain_AXT2_202_2020189,16,3276800,832246.7815551758,B3,1.7366089820861816,0.3265263699788741,0.3473425880879843,0.47237146886171094
file_brain_AXT2_202_2020189,16,3276800,832246.7815551758,B4,1.7366089820861816,0.3265263699788741,0.5204728832020469,0.7571157675737054
file_brain_AXT2_202_2020189,16,3276800,832246.7815551758,B5,1.7366089820861816,0.3265263699788741,0.3267298785803949,0.5001783418128427
file_brain_AXT2_202_2020189,16,3276800,832246.7815551758,B6,1.7366089820861816,0.3265263699788741,0.5102477616569013,0.7623673440421632
file_brain_AXT2_203_2030254,16,4816896,1222822.4818725586,C0,1.7366089820861816,0.3360620166057861,0.813119345746677,0.9008260434440775
file_brain_AXT2_203_2030254,16,4816896,1222822.4818725586,U1,1.7366089820861816,0.3360620166057861,0.6482165056054303,0.8225450818095191
file_brain_AXT2_203_2030254,16,4816896,1222822.4818725586,U2a,1.7366089820861816,0.3360620166057861,0.3984812362896785,0.6396489384259549
file_brain_AXT2_203_2030254,16,4816896,1222822.4818725586,U2b,1.7366089820861816,0.3360620166057861,0.4384517446825138,0.7072831363528685
file_brain_AXT2_203_2030254,16,4816896,1222822.4818725586,B1,1.7366089820861816,0.3360620166057861,0.6040847784002853,0.8026046107700546
file_brain_AXT2_203_2030254,16,4816896,1222822.4818725586,B2,1.7366089820861816,0.3360620166057861,0.6075983463212742,0.8092443443955909
file_brain_AXT2_203_2030254,16,4816896,1222822.4818725586,B3,1.7366089820861816,0.3360620166057861,0.4653720104545577,0.610510895344019
file_brain_AXT2_203_2030254,16,4816896,1222822.4818725586,B4,1.7366089820861816,0.3360620166057861,0.563589727021737,0.7722452601062255
file_brain_AXT2_203_2030254,16,4816896,1222822.4818725586,B5,1.7366089820861816,0.3360620166057861,0.336723475210228,0.5010597861999244
file_brain_AXT2_203_2030254,16,4816896,1222822.4818725586,B6,1.7366089820861816,0.3360620166057861,0.5585608041910972,0.7877189943698765
file_brain_AXT2_203_2030256,16,4816896,1253322.819946289,C0,1.7366089820861816,0.33632387248435164,0.8082573873880627,0.9048583092572442
file_brain_AXT2_203_2030256,16,4816896,1253322.819946289,U1,1.7366089820861816,0.3363238724843516,0.7324884241626018,0.8466297020076312
file_brain_AXT2_203_2030256,16,4816896,1253322.819946289,U2a,1.7366089820861816,0.3363238724843516,0.3744741581957965,0.61420482400051
file_brain_AXT2_203_2030256,16,4816896,1253322.819946289,U2b,1.7366089820861816,0.3363238724843516,0.3878774548800939,0.6618178635367823
file_brain_AXT2_203_2030256,16,4816896,1253322.819946289,B1,1.7366089820861816,0.33632387248435164,0.5703919560268571,0.7797847992818632
file_brain_AXT2_203_2030256,16,4816896,1253322.819946289,B2,1.7366089820861816,0.33632387248435164,0.5721129062888876,0.7835984740256985
file_brain_AXT2_203_2030256,16,4816896,1253322.819946289,B3,1.7366089820861816,0.33632387248435164,0.47781342718215786,0.621696541245766
file_brain_AXT2_203_2030256,16,4816896,1253322.819946289,B4,1.7366089820861816,0.33632387248435164,0.5114590429789222,0.7402020903112667
file_brain_AXT2_203_2030256,16,4816896,1253322.819946289,B5,1.7366089820861816,0.33632387248435164,0.33729035264914703,0.5013443934104687
file_brain_AXT2_203_2030256,16,4816896,1253322.819946289,B6,1.7366089820861816,0.33632387248435164,0.5185935457390285,0.7593932164644539
file_brain_AXT2_203_2030354,16,4816896,1298233.7135009766,C0,1.7366089820861816,0.3000820832140566,0.7516543990121136,0.897317370741412
file_brain_AXT2_203_2030354,16,4816896,1298233.7135009766,U1,1.7366089820861816,0.3000820832140566,0.6490567425228129,0.8166650884825338
file_brain_AXT2_203_2030354,16,4816896,1298233.7135009766,U2a,1.7366089820861816,0.3000820832140566,0.3355150452237129,0.6046516208989243
file_brain_AXT2_203_2030354,16,4816896,1298233.7135009766,U2b,1.7366089820861816,0.3000820832140566,0.3413349270694299,0.6441561612819613
file_brain_AXT2_203_2030354,16,4816896,1298233.7135009766,B1,1.7366089820861816,0.3000820832140566,0.5453321077904153,0.7822900062237075
file_brain_AXT2_203_2030354,16,4816896,1298233.7135009766,B2,1.7366089820861816,0.3000820832140566,0.5510459693476704,0.7896649074189055
file_brain_AXT2_203_2030354,16,4816896,1298233.7135009766,B3,1.7366089820861816,0.3000820832140566,0.43054833535229015,0.5945314602594869
file_brain_AXT2_203_2030354,16,4816896,1298233.7135009766,B4,1.7366089820861816,0.3000820832140566,0.5048659035149519,0.7496990881594346
file_brain_AXT2_203_2030354,16,4816896,1298233.7135009766,B5,1.7366089820861816,0.3000820832140566,0.30031541974461345,0.500295451345374
file_brain_AXT2_203_2030354,16,4816896,1298233.7135009766,B6,1.7366089820861816,0.3000820832140566,0.5006840219837726,0.7660034932640026
file_brain_AXT2_205_6000022,14,2867200,723386.7183227539,C0,1.7366089820861816,0.3506984479248416,0.7439456115337489,0.8794035227016263
file_brain_AXT2_205_6000022,14,2867200,723386.7183227539,U1,1.7366089820861816,0.3506984479248416,0.6265304107537168,0.7888777976545336
file_brain_AXT2_205_6000022,14,2867200,723386.7183227539,U2a,1.7366089820861816,0.3506984479248416,0.4162803560481578,0.6545739523400729
file_brain_AXT2_205_6000022,14,2867200,723386.7183227539,U2b,1.7366089820861816,0.3506984479248416,0.4859859302684645,0.7352399400622023
file_brain_AXT2_205_6000022,14,2867200,723386.7183227539,B1,1.7366089820861816,0.3506984479248416,0.5941980516811474,0.789394958208371
file_brain_AXT2_205_6000022,14,2867200,723386.7183227539,B2,1.7366089820861816,0.3506984479248416,0.5987970340624919,0.7963637058832659
file_brain_AXT2_205_6000022,14,2867200,723386.7183227539,B3,1.7366089820861816,0.3506984479248416,0.38460955261767826,0.5049779545499752
file_brain_AXT2_205_6000022,14,2867200,723386.7183227539,B4,1.7366089820861816,0.3506984479248416,0.5499966844707864,0.7641698538339299
file_brain_AXT2_205_6000022,14,2867200,723386.7183227539,B5,1.7366089820861816,0.3506984479248416,0.35203819776721257,0.5013711271271123
file_brain_AXT2_205_6000022,14,2867200,723386.7183227539,B6,1.7366089820861816,0.3506984479248416,0.5771309622144172,0.7868435132642098
file_brain_AXT2_207_2070039,16,3276800,955408.600769043,C0,1.7366089820861816,0.30080066272364986,0.898522454199406,0.9515702967253776
file_brain_AXT2_207_2070039,16,3276800,955408.600769043,U1,1.7366089820861816,0.3008006627236498,0.7080165196849343,0.8596842044354751
file_brain_AXT2_207_2070039,16,3276800,955408.600769043,U2a,1.7366089820861816,0.3008006627236498,0.2799094900492571,0.5062074429846535
file_brain_AXT2_207_2070039,16,3276800,955408.600769043,U2b,1.7366089820861816,0.3008006627236498,0.2526288590719215,0.4502351894522585
file_brain_AXT2_207_2070039,16,3276800,955408.600769043,B1,1.7366089820861816,0.30080066272364986,0.427949187666115,0.643038295272681
file_brain_AXT2_207_2070039,16,3276800,955408.600769043,B2,1.7366089820861816,0.30080066272364986,0.4329370485598355,0.6506915559847648
file_brain_AXT2_207_2070039,16,3276800,955408.600769043,B3,1.7366089820861816,0.30080066272364986,0.42201696820494194,0.6284953653466361
file_brain_AXT2_207_2070039,16,3276800,955408.600769043,B4,1.7366089820861816,0.30080066272364986,0.5344492703867085,0.7751767166389043
file_brain_AXT2_207_2070039,16,3276800,955408.600769043,B5,1.7366089820861816,0.30080066272364986,0.30054759014593124,0.4988613941817715
file_brain_AXT2_207_2070039,16,3276800,955408.600769043,B6,1.7366089820861816,0.30080066272364986,0.37535636180250664,0.6169887186625918
file_brain_AXT2_207_2070054,16,3276800,899789.96484375,C0,1.7366089820861816,0.3273993267009435,0.9163603846861654,0.9660416687798427
file_brain_AXT2_207_2070054,16,3276800,899789.96484375,U1,1.7366089820861816,0.3273993267009435,0.7874079708225057,0.8863659971051158
file_brain_AXT2_207_2070054,16,3276800,899789.96484375,U2a,1.7366089820861816,0.3273993267009435,0.30362904396967,0.5054338769523864
file_brain_AXT2_207_2070054,16,3276800,899789.96484375,U2b,1.7366089820861816,0.3273993267009435,0.2967028885704443,0.5076668348736284
file_brain_AXT2_207_2070054,16,3276800,899789.96484375,B1,1.7366089820861816,0.3273993267009435,0.5698307863014497,0.7684672934243184
file_brain_AXT2_207_2070054,16,3276800,899789.96484375,B2,1.7366089820861816,0.3273993267009435,0.5837113657329563,0.7850438481934947
file_brain_AXT2_207_2070054,16,3276800,899789.96484375,B3,1.7366089820861816,0.3273993267009435,0.40915388433327565,0.5825924623850313
file_brain_AXT2_207_2070054,16,3276800,899789.96484375,B4,1.7366089820861816,0.3273993267009435,0.7343890873408838,0.844304662670091
file_brain_AXT2_207_2070054,16,3276800,899789.96484375,B5,1.7366089820861816,0.3273993267009435,0.32744300423540273,0.5001032274610364
file_brain_AXT2_207_2070054,16,3276800,899789.96484375,B6,1.7366089820861816,0.3273993267009435,0.44459253692406,0.7156565700391784
file_brain_AXT2_207_2070194,16,3276800,832136.7465820312,C0,1.7366089820861816,0.2952579932181686,0.9101222812952929,0.9597276408659852
file_brain_AXT2_207_2070194,16,3276800,832136.7465820312,U1,1.7366089820861816,0.2952579932181686,0.8012729511245892,0.9020521788088268
file_brain_AXT2_207_2070194,16,3276800,832136.7465820312,U2a,1.7366089820861816,0.2952579932181686,0.3287841709002035,0.5969070461267366
file_brain_AXT2_207_2070194,16,3276800,832136.7465820312,U2b,1.7366089820861816,0.2952579932181686,0.3321518458904587,0.6417313118283834
file_brain_AXT2_207_2070194,16,3276800,832136.7465820312,B1,1.7366089820861816,0.2952579932181686,0.5715363488808138,0.8065429663557967
file_brain_AXT2_207_2070194,16,3276800,832136.7465820312,B2,1.7366089820861816,0.2952579932181686,0.5759895417920021,0.8196658310316225
file_brain_AXT2_207_2070194,16,3276800,832136.7465820312,B3,1.7366089820861816,0.2952579932181686,0.4461956368804272,0.6207853976963854
file_brain_AXT2_207_2070194,16,3276800,832136.7465820312,B4,1.7366089820861816,0.2952579932181686,0.5363196846588912,0.7847766851820396
file_brain_AXT2_207_2070194,16,3276800,832136.7465820312,B5,1.7366089820861816,0.2952579932181686,0.29544619812243256,0.5002291765578537
file_brain_AXT2_207_2070194,16,3276800,832136.7465820312,B6,1.7366089820861816,0.2952579932181686,0.49290611542927604,0.7704138747990948
file_brain_AXT2_207_2070208,16,3276800,845937.884765625,C0,1.7366089820861816,0.288903230827631,0.8102327723148376,0.9145538361380723
file_brain_AXT2_207_2070208,16,3276800,845937.884765625,U1,1.7366089820861816,0.288903230827631,0.6757082569491187,0.8244983688078517
file_brain_AXT2_207_2070208,16,3276800,845937.884765625,U2a,1.7366089820861816,0.288903230827631,0.318230668290914,0.5906518269566258
file_brain_AXT2_207_2070208,16,3276800,845937.884765625,U2b,1.7366089820861816,0.288903230827631,0.3357454552685496,0.651924598734022
file_brain_AXT2_207_2070208,16,3276800,845937.884765625,B1,1.7366089820861816,0.288903230827631,0.5091701423215809,0.7740681437781294
file_brain_AXT2_207_2070208,16,3276800,845937.884765625,B2,1.7366089820861816,0.288903230827631,0.5125686868129059,0.7825081051126275
file_brain_AXT2_207_2070208,16,3276800,845937.884765625,B3,1.7366089820861816,0.288903230827631,0.3698087097976496,0.5627830277758425
file_brain_AXT2_207_2070208,16,3276800,845937.884765625,B4,1.7366089820861816,0.288903230827631,0.47317259523019223,0.7502466217200415
file_brain_AXT2_207_2070208,16,3276800,845937.884765625,B5,1.7366089820861816,0.288903230827631,0.2891025722015247,0.5002134944905885
file_brain_AXT2_207_2070208,16,3276800,845937.884765625,B6,1.7366089820861816,0.288903230827631,0.4638290117218708,0.760710262847647
file_brain_AXT2_207_2070280,16,3276800,859531.2122192383,C0,1.7366089820861816,0.3381177428887136,0.8172780941312272,0.9124160663695878
file_brain_AXT2_207_2070280,16,3276800,859531.2122192383,U1,1.7366089820861816,0.3381177428887136,0.7490257357282788,0.8721163950659736
file_brain_AXT2_207_2070280,16,3276800,859531.2122192383,U2a,1.7366089820861816,0.3381177428887136,0.3645674867325654,0.603969423352644
file_brain_AXT2_207_2070280,16,3276800,859531.2122192383,U2b,1.7366089820861816,0.3381177428887136,0.4201228549703515,0.688296891950848
file_brain_AXT2_207_2070280,16,3276800,859531.2122192383,B1,1.7366089820861816,0.3381177428887136,0.5620588499828139,0.7728005703766584
file_brain_AXT2_207_2070280,16,3276800,859531.2122192383,B2,1.7366089820861816,0.3381177428887136,0.5622090519699838,0.7833360558814626
file_brain_AXT2_207_2070280,16,3276800,859531.2122192383,B3,1.7366089820861816,0.3381177428887136,0.4600632876582164,0.6100832816427446
file_brain_AXT2_207_2070280,16,3276800,859531.2122192383,B4,1.7366089820861816,0.3381177428887136,0.5370290985395677,0.7603769499464629
file_brain_AXT2_207_2070280,16,3276800,859531.2122192383,B5,1.7366089820861816,0.3381177428887136,0.3380397613284329,0.4998673250248041
file_brain_AXT2_207_2070280,16,3276800,859531.2122192383,B6,1.7366089820861816,0.3381177428887136,0.5148429955686344,0.754327159515661
file_brain_AXT2_207_2070352,16,3276800,849531.7224731445,C0,1.7366089820861816,0.5047481654020234,0.9420068030750354,0.9506179916583068
file_brain_AXT2_207_2070352,16,3276800,849531.7224731445,U1,1.7366089820861816,0.5047481654020234,0.8979010197265994,0.9020058274014168
file_brain_AXT2_207_2070352,16,3276800,849531.7224731445,U2a,1.7366089820861816,0.5047481654020234,0.5671853779377845,0.6516298783123623
file_brain_AXT2_207_2070352,16,3276800,849531.7224731445,U2b,1.7366089820861816,0.5047481654020234,0.6685642729942157,0.7656557622583046
file_brain_AXT2_207_2070352,16,3276800,849531.7224731445,B1,1.7366089820861816,0.5047481654020234,0.7697549020230144,0.8124101753046922
file_brain_AXT2_207_2070352,16,3276800,849531.7224731445,B2,1.7366089820861816,0.5047481654020234,0.778925566058848,0.8251871880512567
file_brain_AXT2_207_2070352,16,3276800,849531.7224731445,B3,1.7366089820861816,0.5047481654020234,0.5894433267364063,0.5659878247201071
file_brain_AXT2_207_2070352,16,3276800,849531.7224731445,B4,1.7366089820861816,0.5047481654020234,0.7496213971751385,0.8146328369245844
file_brain_AXT2_207_2070352,16,3276800,849531.7224731445,B5,1.7366089820861816,0.5047481654020234,0.5048161321807236,0.5000558148927406
file_brain_AXT2_207_2070352,16,3276800,849531.7224731445,B6,1.7366089820861816,0.5047481654020234,0.7250769123222527,0.8037151230341704
file_brain_AXT2_207_2070417,16,3276800,1116473.742980957,C0,1.7366089820861816,0.521090465117555,0.9468459995582772,0.9529165983642176
file_brain_AXT2_207_2070417,16,3276800,1116473.742980957,U1,1.7366089820861816,0.521090465117555,0.8134614675649147,0.869652089286752
file_brain_AXT2_207_2070417,16,3276800,1116473.742980957,U2a,1.7366089820861816,0.521090465117555,0.491219350460294,0.4975608377052763
file_brain_AXT2_207_2070417,16,3276800,1116473.742980957,U2b,1.7366089820861816,0.521090465117555,0.6097617817718524,0.6509075597742363
file_brain_AXT2_207_2070417,16,3276800,1116473.742980957,B1,1.7366089820861816,0.521090465117555,0.7333371984145481,0.7865583915817036
file_brain_AXT2_207_2070417,16,3276800,1116473.742980957,B2,1.7366089820861816,0.521090465117555,0.7379472092262312,0.7957788463004078
file_brain_AXT2_207_2070417,16,3276800,1116473.742980957,B3,1.7366089820861816,0.521090465117555,0.5375759512002191,0.4915316573258999
file_brain_AXT2_207_2070417,16,3276800,1116473.742980957,B4,1.7366089820861816,0.521090465117555,0.80365308960014,0.8138762241978381
file_brain_AXT2_207_2070417,16,3276800,1116473.742980957,B5,1.7366089820861816,0.521090465117555,0.5222658888310704,0.5015989882524051
file_brain_AXT2_207_2070417,16,3276800,1116473.742980957,B6,1.7366089820861816,0.521090465117555,0.713163592310482,0.7874497332805672
file_brain_AXT2_207_2070770,16,3276800,843821.4591064453,C0,1.7366089820861816,0.3655302342534114,0.8284740831578414,0.9089098430979689
file_brain_AXT2_207_2070770,16,3276800,843821.4591064453,U1,1.7366089820861816,0.3655302342534114,0.6704678499456849,0.7962012848051251
file_brain_AXT2_207_2070770,16,3276800,843821.4591064453,U2a,1.7366089820861816,0.3655302342534114,0.4564700954593679,0.658048393827282
file_brain_AXT2_207_2070770,16,3276800,843821.4591064453,U2b,1.7366089820861816,0.3655302342534114,0.4685187333639291,0.7108923237628105
file_brain_AXT2_207_2070770,16,3276800,843821.4591064453,B1,1.7366089820861816,0.3655302342534114,0.6280426413617421,0.7996466784821287
file_brain_AXT2_207_2070770,16,3276800,843821.4591064453,B2,1.7366089820861816,0.3655302342534114,0.632026538595028,0.8069488241807132
file_brain_AXT2_207_2070770,16,3276800,843821.4591064453,B3,1.7366089820861816,0.3655302342534114,0.46722421016715676,0.5678671959068704
file_brain_AXT2_207_2070770,16,3276800,843821.4591064453,B4,1.7366089820861816,0.3655302342534114,0.5671210783401202,0.7593591992856444
file_brain_AXT2_207_2070770,16,3276800,843821.4591064453,B5,1.7366089820861816,0.3655302342534114,0.36557101655746693,0.5001272303743821
file_brain_AXT2_207_2070770,16,3276800,843821.4591064453,B6,1.7366089820861816,0.3655302342534114,0.5783311179651069,0.7845598218996881
file_brain_AXT2_207_2070777,16,3276800,1006127.9983520508,C0,1.7366089820861816,0.361377909869322,0.9008542942405782,0.9374595002339586
file_brain_AXT2_207_2070777,16,3276800,1006127.9983520508,U1,1.7366089820861816,0.361377909869322,0.8455473717687417,0.8922166056791421
file_brain_AXT2_207_2070777,16,3276800,1006127.9983520508,U2a,1.7366089820861816,0.361377909869322,0.3584546760192482,0.5295846441358608
file_brain_AXT2_207_2070777,16,3276800,1006127.9983520508,U2b,1.7366089820861816,0.361377909869322,0.3762017745955341,0.5702742196562892
file_brain_AXT2_207_2070777,16,3276800,1006127.9983520508,B1,1.7366089820861816,0.361377909869322,0.587246826143574,0.7588251649506281
file_brain_AXT2_207_2070777,16,3276800,1006127.9983520508,B2,1.7366089820861816,0.361377909869322,0.600869641842467,0.7764762077778742
file_brain_AXT2_207_2070777,16,3276800,1006127.9983520508,B3,1.7366089820861816,0.361377909869322,0.43412510327235027,0.5498293001950042
file_brain_AXT2_207_2070777,16,3276800,1006127.9983520508,B4,1.7366089820861816,0.361377909869322,0.7204513596536001,0.8180883940430019
file_brain_AXT2_207_2070777,16,3276800,1006127.9983520508,B5,1.7366089820861816,0.361377909869322,0.36154951949375547,0.5003004618832355
file_brain_AXT2_207_2070777,16,3276800,1006127.9983520508,B6,1.7366089820861816,0.361377909869322,0.5031745725588809,0.7189313465353341
file_brain_AXT2_207_2070822,16,3276800,1134558.4727172852,C0,1.7366089820861816,0.5250846949509587,0.9600882101082853,0.9605239543583581
file_brain_AXT2_207_2070822,16,3276800,1134558.4727172852,U1,1.7366089820861816,0.5250846949509587,0.9030926302789356,0.9049943563306926
file_brain_AXT2_207_2070822,16,3276800,1134558.4727172852,U2a,1.7366089820861816,0.5250846949509587,0.515812971423019,0.5299001383922654
file_brain_AXT2_207_2070822,16,3276800,1134558.4727172852,U2b,1.7366089820861816,0.5250846949509587,0.5680341161610944,0.6141294402420542
file_brain_AXT2_207_2070822,16,3276800,1134558.4727172852,B1,1.7366089820861816,0.5250846949509587,0.7393271413115295,0.7701892410492026
file_brain_AXT2_207_2070822,16,3276800,1134558.4727172852,B2,1.7366089820861816,0.5250846949509587,0.7471702236267623,0.784014676401678
file_brain_AXT2_207_2070822,16,3276800,1134558.4727172852,B3,1.7366089820861816,0.5250846949509587,0.5712537240995006,0.5283723783223115
file_brain_AXT2_207_2070822,16,3276800,1134558.4727172852,B4,1.7366089820861816,0.5250846949509587,0.8127279310580504,0.8114225499717055
file_brain_AXT2_207_2070822,16,3276800,1134558.4727172852,B5,1.7366089820861816,0.5250846949509587,0.5251828878883276,0.5001851649108234
file_brain_AXT2_207_2070822,16,3276800,1134558.4727172852,B6,1.7366089820861816,0.5250846949509587,0.6913522764756821,0.7604555212650774
file_brain_AXT2_208_2080013,16,3276800,884672.4463500977,C0,1.7366089820861816,0.41251360426023004,0.8878721500886771,0.926354858818463
file_brain_AXT2_208_2080013,16,3276800,884672.4463500977,U1,1.7366089820861816,0.41251360426023,0.7558347045098808,0.8116611840650152
file_brain_AXT2_208_2080013,16,3276800,884672.4463500977,U2a,1.7366089820861816,0.41251360426023,0.48625547270037,0.6503619844478972
file_brain_AXT2_208_2080013,16,3276800,884672.4463500977,U2b,1.7366089820861816,0.41251360426023,0.5262110050734295,0.726553188245298
file_brain_AXT2_208_2080013,16,3276800,884672.4463500977,B1,1.7366089820861816,0.41251360426023004,0.6850750418326133,0.8128886451361628
file_brain_AXT2_208_2080013,16,3276800,884672.4463500977,B2,1.7366089820861816,0.41251360426023004,0.6898972588460281,0.8192781170911863
file_brain_AXT2_208_2080013,16,3276800,884672.4463500977,B3,1.7366089820861816,0.41251360426023004,0.5331674003969311,0.579841213310024
file_brain_AXT2_208_2080013,16,3276800,884672.4463500977,B4,1.7366089820861816,0.41251360426023004,0.6578924010848424,0.7866274846473736
file_brain_AXT2_208_2080013,16,3276800,884672.4463500977,B5,1.7366089820861816,0.41251360426023004,0.4125495023345345,0.5001452840446132
file_brain_AXT2_208_2080013,16,3276800,884672.4463500977,B6,1.7366089820861816,0.41251360426023004,0.658077382197254,0.8019059399447869
file_brain_AXT2_208_2080126,16,3276800,893722.9533691406,C0,1.7366089820861816,0.43413730496969416,0.9147912899108245,0.9450542882323317
file_brain_AXT2_208_2080126,16,3276800,893722.9533691406,U1,1.7366089820861816,0.4341373049696941,0.8315071384028817,0.8971079576346065
file_brain_AXT2_208_2080126,16,3276800,893722.9533691406,U2a,1.7366089820861816,0.4341373049696941,0.5240014866587416,0.6531203663943824
file_brain_AXT2_208_2080126,16,3276800,893722.9533691406,U2b,1.7366089820861816,0.4341373049696941,0.6642775293645689,0.823463646673802
file_brain_AXT2_208_2080126,16,3276800,893722.9533691406,B1,1.7366089820861816,0.43413730496969416,0.7587718558547766,0.8510419797536293
file_brain_AXT2_208_2080126,16,3276800,893722.9533691406,B2,1.7366089820861816,0.43413730496969416,0.7645820117790396,0.8569704530423413
file_brain_AXT2_208_2080126,16,3276800,893722.9533691406,B3,1.7366089820861816,0.43413730496969416,0.4918202915835944,0.5081651496763694
file_brain_AXT2_208_2080126,16,3276800,893722.9533691406,B4,1.7366089820861816,0.43413730496969416,0.684060089758923,0.7921076870240796
file_brain_AXT2_208_2080126,16,3276800,893722.9533691406,B5,1.7366089820861816,0.43413730496969416,0.43421260379782856,0.5000710045658898
file_brain_AXT2_208_2080126,16,3276800,893722.9533691406,B6,1.7366089820861816,0.43413730496969416,0.7430079350834886,0.8603193014488586
file_brain_AXT2_208_2080585,16,3276800,842717.9528198242,C0,1.7366089820861816,0.33732682898786837,0.8218537795457983,0.9154192511286536
file_brain_AXT2_208_2080585,16,3276800,842717.9528198242,U1,1.7366089820861816,0.3373268289878683,0.7076098566854359,0.8642549735096287
file_brain_AXT2_208_2080585,16,3276800,842717.9528198242,U2a,1.7366089820861816,0.3373268289878683,0.388934569415252,0.6228923289123658
file_brain_AXT2_208_2080585,16,3276800,842717.9528198242,U2b,1.7366089820861816,0.3373268289878683,0.4028736740225317,0.6771553811456191
file_brain_AXT2_208_2080585,16,3276800,842717.9528198242,B1,1.7366089820861816,0.33732682898786837,0.5919458730636784,0.800064755058989
file_brain_AXT2_208_2080585,16,3276800,842717.9528198242,B2,1.7366089820861816,0.33732682898786837,0.5942670878516838,0.8047429363018603
file_brain_AXT2_208_2080585,16,3276800,842717.9528198242,B3,1.7366089820861816,0.33732682898786837,0.44416258781696044,0.5836203490642364
file_brain_AXT2_208_2080585,16,3276800,842717.9528198242,B4,1.7366089820861816,0.33732682898786837,0.5109853598760747,0.7452222384456246
file_brain_AXT2_208_2080585,16,3276800,842717.9528198242,B5,1.7366089820861816,0.33732682898786837,0.3373772638301746,0.49986783999263745
file_brain_AXT2_208_2080585,16,3276800,842717.9528198242,B6,1.7366089820861816,0.33732682898786837,0.5617469554338241,0.7859354966424372
file_brain_AXT2_208_2080611,16,3276800,941089.6903076172,C0,1.7366089820861816,0.3238684294698913,0.8977166175674826,0.9444485241879174
file_brain_AXT2_208_2080611,16,3276800,941089.6903076172,U1,1.7366089820861816,0.3238684294698913,0.7081514223124009,0.8481975060852208
file_brain_AXT2_208_2080611,16,3276800,941089.6903076172,U2a,1.7366089820861816,0.3238684294698913,0.3170548659472253,0.537734089529465
file_brain_AXT2_208_2080611,16,3276800,941089.6903076172,U2b,1.7366089820861816,0.3238684294698913,0.2997169140054335,0.5104397541051111
file_brain_AXT2_208_2080611,16,3276800,941089.6903076172,B1,1.7366089820861816,0.3238684294698913,0.5038038816663605,0.6749675899307382
file_brain_AXT2_208_2080611,16,3276800,941089.6903076172,B2,1.7366089820861816,0.3238684294698913,0.5114378952570389,0.6821414585463614
file_brain_AXT2_208_2080611,16,3276800,941089.6903076172,B3,1.7366089820861816,0.3238684294698913,0.45305715646889344,0.6323715127276642
file_brain_AXT2_208_2080611,16,3276800,941089.6903076172,B4,1.7366089820861816,0.3238684294698913,0.5610098640171314,0.7735948097650488
file_brain_AXT2_208_2080611,16,3276800,941089.6903076172,B5,1.7366089820861816,0.3238684294698913,0.3237782812389417,0.4995826472576574
file_brain_AXT2_208_2080611,16,3276800,941089.6903076172,B6,1.7366089820861816,0.3238684294698913,0.4061269566857916,0.6357903087317355
file_brain_AXT2_209_6001384,16,4866048,1230243.5817260742,C0,1.7366089820861816,0.309058574087401,0.8563169385148395,0.9305072874480182
file_brain_AXT2_209_6001384,16,4866048,1230243.5817260742,U1,1.7366089820861816,0.309058574087401,0.706262576875887,0.8614700603168972
file_brain_AXT2_209_6001384,16,4866048,1230243.5817260742,U2a,1.7366089820861816,0.309058574087401,0.3534636846270497,0.6157865150847179
file_brain_AXT2_209_6001384,16,4866048,1230243.5817260742,U2b,1.7366089820861816,0.309058574087401,0.3877252291164892,0.6870313313248108
file_brain_AXT2_209_6001384,16,4866048,1230243.5817260742,B1,1.7366089820861816,0.309058574087401,0.5429179762667796,0.7975533499718009
file_brain_AXT2_209_6001384,16,4866048,1230243.5817260742,B2,1.7366089820861816,0.309058574087401,0.547888881460816,0.8040843095038769
file_brain_AXT2_209_6001384,16,4866048,1230243.5817260742,B3,1.7366089820861816,0.309058574087401,0.38815573385412755,0.5392667050853879
file_brain_AXT2_209_6001384,16,4866048,1230243.5817260742,B4,1.7366089820861816,0.309058574087401,0.5116785851330262,0.7611761381347293
file_brain_AXT2_209_6001384,16,4866048,1230243.5817260742,B5,1.7366089820861816,0.309058574087401,0.3110959318679492,0.5023963226954746
file_brain_AXT2_209_6001384,16,4866048,1230243.5817260742,B6,1.7366089820861816,0.309058574087401,0.5513979051337154,0.7974510513671049
file_brain_AXT2_209_6001459,16,4866048,1307423.9754638672,C0,1.7366089820861816,0.30746240210397807,0.812839373264519,0.9094333373960954
file_brain_AXT2_209_6001459,16,4866048,1307423.9754638672,U1,1.7366089820861816,0.307462402103978,0.7117754543539323,0.8459487334410073
file_brain_AXT2_209_6001459,16,4866048,1307423.9754638672,U2a,1.7366089820861816,0.307462402103978,0.3541843154470325,0.6176224473674372
file_brain_AXT2_209_6001459,16,4866048,1307423.9754638672,U2b,1.7366089820861816,0.307462402103978,0.3783136839136543,0.6755764403914617
file_brain_AXT2_209_6001459,16,4866048,1307423.9754638672,B1,1.7366089820861816,0.30746240210397807,0.6077716382912614,0.81156519334047
file_brain_AXT2_209_6001459,16,4866048,1307423.9754638672,B2,1.7366089820861816,0.30746240210397807,0.6129843559249872,0.8182520673820225
file_brain_AXT2_209_6001459,16,4866048,1307423.9754638672,B3,1.7366089820861816,0.30746240210397807,0.4079314338481327,0.556673918041608
file_brain_AXT2_209_6001459,16,4866048,1307423.9754638672,B4,1.7366089820861816,0.30746240210397807,0.5277115833029611,0.7629391337263756
file_brain_AXT2_209_6001459,16,4866048,1307423.9754638672,B5,1.7366089820861816,0.30746240210397807,0.3084591247606508,0.5013916883045296
file_brain_AXT2_209_6001459,16,4866048,1307423.9754638672,B6,1.7366089820861816,0.30746240210397807,0.487510923220078,0.7582920511787089
file_brain_AXT2_210_2100135,16,4866048,1257375.9861450195,C0,1.7366089820861816,0.3639085961347975,0.822979547846955,0.9010620610215192
file_brain_AXT2_210_2100135,16,4866048,1257375.9861450195,U1,1.7366089820861816,0.3639085961347975,0.6896515565446086,0.7820534898555555
file_brain_AXT2_210_2100135,16,4866048,1257375.9861450195,U2a,1.7366089820861816,0.3639085961347975,0.4402922916020039,0.6601401275867628
file_brain_AXT2_210_2100135,16,4866048,1257375.9861450195,U2b,1.7366089820861816,0.3639085961347975,0.4867209377430994,0.7205258361797431
file_brain_AXT2_210_2100135,16,4866048,1257375.9861450195,B1,1.7366089820861816,0.3639085961347975,0.6158187393344386,0.792623490320624
file_brain_AXT2_210_2100135,16,4866048,1257375.9861450195,B2,1.7366089820861816,0.3639085961347975,0.6159997664371919,0.7998767426086489
file_brain_AXT2_210_2100135,16,4866048,1257375.9861450195,B3,1.7366089820861816,0.3639085961347975,0.4697319756023596,0.5618887687912727
file_brain_AXT2_210_2100135,16,4866048,1257375.9861450195,B4,1.7366089820861816,0.3639085961347975,0.5840687947684396,0.769363526051292
file_brain_AXT2_210_2100135,16,4866048,1257375.9861450195,B5,1.7366089820861816,0.3639085961347975,0.3639060023643739,0.5001585179165379
file_brain_AXT2_210_2100135,16,4866048,1257375.9861450195,B6,1.7366089820861816,0.3639085961347975,0.5797557919902532,0.7863096807197789
file_brain_AXT2_210_2100276,16,4866048,1293932.737915039,C0,1.7366089820861816,0.3646580556406575,0.8535104155832481,0.9206451441206627
file_brain_AXT2_210_2100276,16,4866048,1293932.737915039,U1,1.7366089820861816,0.3646580556406575,0.7142113607760383,0.8320807326219932
file_brain_AXT2_210_2100276,16,4866048,1293932.737915039,U2a,1.7366089820861816,0.3646580556406575,0.419595744608836,0.6344456334472184
file_brain_AXT2_210_2100276,16,4866048,1293932.737915039,U2b,1.7366089820861816,0.3646580556406575,0.4133838954752823,0.6213201752167682
file_brain_AXT2_210_2100276,16,4866048,1293932.737915039,B1,1.7366089820861816,0.3646580556406575,0.5507880518602444,0.7134857043942918
file_brain_AXT2_210_2100276,16,4866048,1293932.737915039,B2,1.7366089820861816,0.3646580556406575,0.5537252530398951,0.7193327071136675
file_brain_AXT2_210_2100276,16,4866048,1293932.737915039,B3,1.7366089820861816,0.3646580556406575,0.4851020769319828,0.6276901986535569
file_brain_AXT2_210_2100276,16,4866048,1293932.737915039,B4,1.7366089820861816,0.3646580556406575,0.562574308800756,0.7521690139703616
file_brain_AXT2_210_2100276,16,4866048,1293932.737915039,B5,1.7366089820861816,0.3646580556406575,0.36487285717413903,0.5003214070690256
file_brain_AXT2_210_2100276,16,4866048,1293932.737915039,B6,1.7366089820861816,0.3646580556406575,0.4807601409131438,0.6915836027286633
file_brain_AXT2_210_2100288,16,4866048,1444751.7360229492,C0,1.7366089820861816,0.4443328618874816,0.9016224252371587,0.9267274532814986
file_brain_AXT2_210_2100288,16,4866048,1444751.7360229492,U1,1.7366089820861816,0.4443328618874816,0.7444054587877258,0.8227367200998822
file_brain_AXT2_210_2100288,16,4866048,1444751.7360229492,U2a,1.7366089820861816,0.4443328618874816,0.4929046620483872,0.5980953326314231
file_brain_AXT2_210_2100288,16,4866048,1444751.7360229492,U2b,1.7366089820861816,0.4443328618874816,0.4919639727059773,0.62473005067304
file_brain_AXT2_210_2100288,16,4866048,1444751.7360229492,B1,1.7366089820861816,0.4443328618874816,0.6079119020964027,0.7176996951825813
file_brain_AXT2_210_2100288,16,4866048,1444751.7360229492,B2,1.7366089820861816,0.4443328618874816,0.6046638000393575,0.7173209446091111
file_brain_AXT2_210_2100288,16,4866048,1444751.7360229492,B3,1.7366089820861816,0.4443328618874816,0.5304459254549858,0.5541269246256804
file_brain_AXT2_210_2100288,16,4866048,1444751.7360229492,B4,1.7366089820861816,0.4443328618874816,0.66250794606583,0.7733161648441719
file_brain_AXT2_210_2100288,16,4866048,1444751.7360229492,B5,1.7366089820861816,0.4443328618874816,0.4447452595115227,0.5005962574786642
file_brain_AXT2_210_2100288,16,4866048,1444751.7360229492,B6,1.7366089820861816,0.4443328618874816,0.5899864216032891,0.734821349130151
file_brain_AXT2_210_2100306,16,4866048,1270491.8502807617,C0,1.7366089820861816,0.34384404755065984,0.806843265545895,0.8932135825379894
file_brain_AXT2_210_2100306,16,4866048,1270491.8502807615,U1,1.7366089820861816,0.3438440475506598,0.6799102109603532,0.826882264186275
file_brain_AXT2_210_2100306,16,4866048,1270491.8502807615,U2a,1.7366089820861816,0.3438440475506598,0.4406786659841045,0.6649402118032507
file_brain_AXT2_210_2100306,16,4866048,1270491.8502807615,U2b,1.7366089820861816,0.3438440475506598,0.4462076981151244,0.7050677900694287
file_brain_AXT2_210_2100306,16,4866048,1270491.8502807617,B1,1.7366089820861816,0.34384404755065984,0.5753176722349138,0.7742977018648662
file_brain_AXT2_210_2100306,16,4866048,1270491.8502807617,B2,1.7366089820861816,0.34384404755065984,0.5788013050715816,0.7813468667801913
file_brain_AXT2_210_2100306,16,4866048,1270491.8502807617,B3,1.7366089820861816,0.34384404755065984,0.41977749659618957,0.5499724555270658
file_brain_AXT2_210_2100306,16,4866048,1270491.8502807617,B4,1.7366089820861816,0.34384404755065984,0.547981154662627,0.7555547462316878
file_brain_AXT2_210_2100306,16,4866048,1270491.8502807617,B5,1.7366089820861816,0.34384404755065984,0.3451638348146517,0.5017624873703349
file_brain_AXT2_210_2100306,16,4866048,1270491.8502807617,B6,1.7366089820861816,0.34384404755065984,0.5360554292738077,0.7679938282653118
file_brain_AXT2_210_2100368,16,4866048,1253321.1384887695,C0,1.7366089820861816,0.293849690243306,0.6740401449124753,0.8581568625024354
file_brain_AXT2_210_2100368,16,4866048,1253321.1384887695,U1,1.7366089820861816,0.293849690243306,0.5026473280655899,0.7646462820646815
file_brain_AXT2_210_2100368,16,4866048,1253321.1384887695,U2a,1.7366089820861816,0.293849690243306,0.3771280407372593,0.6590928789785638
file_brain_AXT2_210_2100368,16,4866048,1253321.1384887695,U2b,1.7366089820861816,0.293849690243306,0.428986174574652,0.7446418139212607
file_brain_AXT2_210_2100368,16,4866048,1253321.1384887695,B1,1.7366089820861816,0.293849690243306,0.5051973007498115,0.7600334154198793
file_brain_AXT2_210_2100368,16,4866048,1253321.1384887695,B2,1.7366089820861816,0.293849690243306,0.5052942869401863,0.7636792563066821
file_brain_AXT2_210_2100368,16,4866048,1253321.1384887695,B3,1.7366089820861816,0.293849690243306,0.35135008329125395,0.5227054987528581
file_brain_AXT2_210_2100368,16,4866048,1253321.1384887695,B4,1.7366089820861816,0.293849690243306,0.4676505492966109,0.7301251185003521
file_brain_AXT2_210_2100368,16,4866048,1253321.1384887695,B5,1.7366089820861816,0.293849690243306,0.29545057269748226,0.5021289231853635
file_brain_AXT2_210_2100368,16,4866048,1253321.1384887695,B6,1.7366089820861816,0.293849690243306,0.4919632030012824,0.7670016164337683
file_brain_AXT2_210_6001524,16,4866048,1231214.0518798828,C0,1.7366089820861816,0.2945194091189357,0.8121351165221043,0.9117351680196073
file_brain_AXT2_210_6001524,16,4866048,1231214.0518798828,U1,1.7366089820861816,0.2945194091189357,0.6116254872076153,0.8010506009053032
file_brain_AXT2_210_6001524,16,4866048,1231214.0518798828,U2a,1.7366089820861816,0.2945194091189357,0.3663535642530462,0.6500401432193544
file_brain_AXT2_210_6001524,16,4866048,1231214.0518798828,U2b,1.7366089820861816,0.2945194091189357,0.3429487748457773,0.6535104201193318
file_brain_AXT2_210_6001524,16,4866048,1231214.0518798828,B1,1.7366089820861816,0.2945194091189357,0.49516628889731135,0.7622392603461896
file_brain_AXT2_210_6001524,16,4866048,1231214.0518798828,B2,1.7366089820861816,0.2945194091189357,0.49702414128876493,0.7707990035024083
file_brain_AXT2_210_6001524,16,4866048,1231214.0518798828,B3,1.7366089820861816,0.2945194091189357,0.3851033845631442,0.5653269087973573
file_brain_AXT2_210_6001524,16,4866048,1231214.0518798828,B4,1.7366089820861816,0.2945194091189357,0.4745995848323724,0.746459570476433
file_brain_AXT2_210_6001524,16,4866048,1231214.0518798828,B5,1.7366089820861816,0.2945194091189357,0.29518692496030385,0.5010203160385501
file_brain_AXT2_210_6001524,16,4866048,1231214.0518798828,B6,1.7366089820861816,0.2945194091189357,0.44651199344854986,0.7420315598575692
file_brain_AXT2_210_6001651,16,4866048,1258508.5311889648,C0,1.7366089820861816,0.2799685297883935,0.7123878286673752,0.8714867530534333
file_brain_AXT2_210_6001651,16,4866048,1258508.5311889648,U1,1.7366089820861816,0.2799685297883935,0.6362805293565065,0.8225134925773472
file_brain_AXT2_210_6001651,16,4866048,1258508.5311889648,U2a,1.7366089820861816,0.2799685297883935,0.3469035984367421,0.6448324299456362
file_brain_AXT2_210_6001651,16,4866048,1258508.5311889648,U2b,1.7366089820861816,0.2799685297883935,0.340520119284982,0.6560325113837719
file_brain_AXT2_210_6001651,16,4866048,1258508.5311889648,B1,1.7366089820861816,0.2799685297883935,0.4802991613430189,0.7554703302290602
file_brain_AXT2_210_6001651,16,4866048,1258508.5311889648,B2,1.7366089820861816,0.2799685297883935,0.4795156815317909,0.7596051055355102
file_brain_AXT2_210_6001651,16,4866048,1258508.5311889648,B3,1.7366089820861816,0.2799685297883935,0.3562836356127774,0.5703171596594231
file_brain_AXT2_210_6001651,16,4866048,1258508.5311889648,B4,1.7366089820861816,0.2799685297883935,0.4287504676189579,0.7257849622314272
file_brain_AXT2_210_6001651,16,4866048,1258508.5311889648,B5,1.7366089820861816,0.2799685297883935,0.28178906994661757,0.5022523161678413
file_brain_AXT2_210_6001651,16,4866048,1258508.5311889648,B6,1.7366089820861816,0.2799685297883935,0.4538086278013693,0.7440998847112726
file_brain_AXT2_210_6001906,16,4866048,1273869.1384277344,C0,1.7366089820861816,0.2626099184293915,0.6650559451591811,0.8625554375990044
file_brain_AXT2_210_6001906,16,4866048,1273869.1384277344,U1,1.7366089820861816,0.2626099184293915,0.5681091941784445,0.8136531140226544
file_brain_AXT2_210_6001906,16,4866048,1273869.1384277344,U2a,1.7366089820861816,0.2626099184293915,0.2985953798195,0.6014329467804748
file_brain_AXT2_210_6001906,16,4866048,1273869.1384277344,U2b,1.7366089820861816,0.2626099184293915,0.3530095851029783,0.6941272362805343
file_brain_AXT2_210_6001906,16,4866048,1273869.1384277344,B1,1.7366089820861816,0.2626099184293915,0.4957913987301814,0.7738607155213804
file_brain_AXT2_210_6001906,16,4866048,1273869.1384277344,B2,1.7366089820861816,0.2626099184293915,0.49935135524034774,0.7777636916052932
file_brain_AXT2_210_6001906,16,4866048,1273869.1384277344,B3,1.7366089820861816,0.2626099184293915,0.3060454596968678,0.5172865129511133
file_brain_AXT2_210_6001906,16,4866048,1273869.1384277344,B4,1.7366089820861816,0.2626099184293915,0.4387797699307422,0.7360590386639541
file_brain_AXT2_210_6001906,16,4866048,1273869.1384277344,B5,1.7366089820861816,0.2626099184293915,0.2638463181994167,0.5016171327429966
file_brain_AXT2_210_6001906,16,4866048,1273869.1384277344,B6,1.7366089820861816,0.2626099184293915,0.4263603032400467,0.7547078711667601
file_brain_AXT2_210_6001941,16,4866048,1390221.9310913086,C0,1.7366089820861816,0.4438020256216979,0.8961816546663716,0.9237562439079499
file_brain_AXT2_210_6001941,16,4866048,1390221.9310913086,U1,1.7366089820861816,0.4438020256216979,0.8141458229545481,0.8918208902801392
file_brain_AXT2_210_6001941,16,4866048,1390221.9310913086,U2a,1.7366089820861816,0.4438020256216979,0.4869584492336001,0.5953341731358829
file_brain_AXT2_210_6001941,16,4866048,1390221.9310913086,U2b,1.7366089820861816,0.4438020256216979,0.4932734882504594,0.63534875373253
file_brain_AXT2_210_6001941,16,4866048,1390221.9310913086,B1,1.7366089820861816,0.4438020256216979,0.5810540269452426,0.7004389782718503
file_brain_AXT2_210_6001941,16,4866048,1390221.9310913086,B2,1.7366089820861816,0.4438020256216979,0.5781791560839002,0.6987378246228996
file_brain_AXT2_210_6001941,16,4866048,1390221.9310913086,B3,1.7366089820861816,0.4438020256216979,0.481900081258377,0.5320427830804728
file_brain_AXT2_210_6001941,16,4866048,1390221.9310913086,B4,1.7366089820861816,0.4438020256216979,0.6496402948196127,0.7664664207700528
file_brain_AXT2_210_6001941,16,4866048,1390221.9310913086,B5,1.7366089820861816,0.4438020256216979,0.44444553032568473,0.5010050028853272
file_brain_AXT2_210_6001941,16,4866048,1390221.9310913086,B6,1.7366089820861816,0.4438020256216979,0.5754017747633805,0.6995350996154084
